"filename", "language", "JavaScript", "Markdown", "JSON", "TypeScript", "SVG", "CSS", "HTML", "TypeScript React", "YAML", "comment", "blank", "total"
"/mnt/Dev/Code/javascript/front-ends/drawings/dev-server/.eslintrc.js", "JavaScript", 5, 0, 0, 0, 0, 0, 0, 0, 0, 0, 2, 7
"/mnt/Dev/Code/javascript/front-ends/drawings/dev-server/.heft/build-cache/eslint.json", "JSON", 0, 0, 4, 0, 0, 0, 0, 0, 0, 0, 1, 5
"/mnt/Dev/Code/javascript/front-ends/drawings/dev-server/.heft/build-cache/jest-typescript-data.json", "JSON", 0, 0, 4, 0, 0, 0, 0, 0, 0, 1, 1, 6
"/mnt/Dev/Code/javascript/front-ends/drawings/dev-server/.heft/build-cache/lib/Watcher.d.ts", "TypeScript", 0, 0, 0, 16, 0, 0, 0, 0, 0, 2, 0, 18
"/mnt/Dev/Code/javascript/front-ends/drawings/dev-server/.heft/build-cache/lib/Watcher.js", "JavaScript", 47, 0, 0, 0, 0, 0, 0, 0, 0, 1, 0, 48
"/mnt/Dev/Code/javascript/front-ends/drawings/dev-server/.heft/build-cache/lib/createFork.d.ts", "TypeScript", 0, 0, 0, 4, 0, 0, 0, 0, 0, 2, 0, 6
"/mnt/Dev/Code/javascript/front-ends/drawings/dev-server/.heft/build-cache/lib/createFork.js", "JavaScript", 19, 0, 0, 0, 0, 0, 0, 0, 0, 2, 0, 21
"/mnt/Dev/Code/javascript/front-ends/drawings/dev-server/.heft/build-cache/lib/index.d.ts", "TypeScript", 0, 0, 0, 1, 0, 0, 0, 0, 0, 1, 0, 2
"/mnt/Dev/Code/javascript/front-ends/drawings/dev-server/.heft/build-cache/lib/index.js", "JavaScript", 62, 0, 0, 0, 0, 0, 0, 0, 0, 1, 0, 63
"/mnt/Dev/Code/javascript/front-ends/drawings/dev-server/.heft/build-cache/lib/readDrawing.fork.d.ts", "TypeScript", 0, 0, 0, 2, 0, 0, 0, 0, 0, 1, 0, 3
"/mnt/Dev/Code/javascript/front-ends/drawings/dev-server/.heft/build-cache/lib/readDrawing.fork.js", "JavaScript", 40, 0, 0, 0, 0, 0, 0, 0, 0, 6, 0, 46
"/mnt/Dev/Code/javascript/front-ends/drawings/dev-server/.heft/build-cache/ts_ef95f383ae3005dd41368418cd137a322a81a2d0.json", "JSON", 0, 0, 1072, 0, 0, 0, 0, 0, 0, 0, 0, 1072
"/mnt/Dev/Code/javascript/front-ends/drawings/dev-server/config/jest.config.json", "JSON", 0, 0, 11, 0, 0, 0, 0, 0, 0, 0, 1, 12
"/mnt/Dev/Code/javascript/front-ends/drawings/dev-server/lib/Watcher.d.ts", "TypeScript", 0, 0, 0, 16, 0, 0, 0, 0, 0, 2, 0, 18
"/mnt/Dev/Code/javascript/front-ends/drawings/dev-server/lib/Watcher.js", "JavaScript", 47, 0, 0, 0, 0, 0, 0, 0, 0, 1, 0, 48
"/mnt/Dev/Code/javascript/front-ends/drawings/dev-server/lib/createFork.d.ts", "TypeScript", 0, 0, 0, 4, 0, 0, 0, 0, 0, 2, 0, 6
"/mnt/Dev/Code/javascript/front-ends/drawings/dev-server/lib/createFork.js", "JavaScript", 19, 0, 0, 0, 0, 0, 0, 0, 0, 2, 0, 21
"/mnt/Dev/Code/javascript/front-ends/drawings/dev-server/lib/index.d.ts", "TypeScript", 0, 0, 0, 1, 0, 0, 0, 0, 0, 1, 0, 2
"/mnt/Dev/Code/javascript/front-ends/drawings/dev-server/lib/index.js", "JavaScript", 62, 0, 0, 0, 0, 0, 0, 0, 0, 1, 0, 63
"/mnt/Dev/Code/javascript/front-ends/drawings/dev-server/lib/readDrawing.fork.d.ts", "TypeScript", 0, 0, 0, 2, 0, 0, 0, 0, 0, 1, 0, 3
"/mnt/Dev/Code/javascript/front-ends/drawings/dev-server/lib/readDrawing.fork.js", "JavaScript", 40, 0, 0, 0, 0, 0, 0, 0, 0, 6, 0, 46
"/mnt/Dev/Code/javascript/front-ends/drawings/dev-server/package.json", "JSON", 0, 0, 34, 0, 0, 0, 0, 0, 0, 0, 1, 35
"/mnt/Dev/Code/javascript/front-ends/drawings/dev-server/pnpm-lock.yaml", "YAML", 0, 0, 0, 0, 0, 0, 0, 0, 5299, 0, 823, 6122
"/mnt/Dev/Code/javascript/front-ends/drawings/dev-server/src/Watcher.ts", "TypeScript", 0, 0, 0, 47, 0, 0, 0, 0, 0, 0, 15, 62
"/mnt/Dev/Code/javascript/front-ends/drawings/dev-server/src/createFork.ts", "TypeScript", 0, 0, 0, 15, 0, 0, 0, 0, 0, 1, 4, 20
"/mnt/Dev/Code/javascript/front-ends/drawings/dev-server/src/index.ts", "TypeScript", 0, 0, 0, 55, 0, 0, 0, 0, 0, 0, 16, 71
"/mnt/Dev/Code/javascript/front-ends/drawings/dev-server/src/readDrawing.fork.ts", "TypeScript", 0, 0, 0, 33, 0, 0, 0, 0, 0, 5, 6, 44
"/mnt/Dev/Code/javascript/front-ends/drawings/dev-server/tsconfig.json", "JSON", 0, 0, 28, 0, 0, 0, 0, 0, 0, 0, 4, 32
"/mnt/Dev/Code/javascript/front-ends/drawings/drawer/.heft/build-cache/jest-typescript-data.json", "JSON", 0, 0, 4, 0, 0, 0, 0, 0, 0, 1, 1, 6
"/mnt/Dev/Code/javascript/front-ends/drawings/drawer/___.eslintrc.js", "JavaScript", 5, 0, 0, 0, 0, 0, 0, 0, 0, 0, 2, 7
"/mnt/Dev/Code/javascript/front-ends/drawings/drawer/config/jest.config.json", "JSON", 0, 0, 11, 0, 0, 0, 0, 0, 0, 0, 1, 12
"/mnt/Dev/Code/javascript/front-ends/drawings/drawer/lib/Drawer.d.ts", "TypeScript", 0, 0, 0, 33, 0, 0, 0, 0, 0, 1, 0, 34
"/mnt/Dev/Code/javascript/front-ends/drawings/drawer/lib/Drawer.js", "JavaScript", 88, 0, 0, 0, 0, 0, 0, 0, 0, 8, 0, 96
"/mnt/Dev/Code/javascript/front-ends/drawings/drawer/lib/DrawerData.d.ts", "TypeScript", 0, 0, 0, 5, 0, 0, 0, 0, 0, 1, 0, 6
"/mnt/Dev/Code/javascript/front-ends/drawings/drawer/lib/DrawerData.js", "JavaScript", 2, 0, 0, 0, 0, 0, 0, 0, 0, 1, 0, 3
"/mnt/Dev/Code/javascript/front-ends/drawings/drawer/lib/Element.d.ts", "TypeScript", 0, 0, 0, 27, 0, 0, 0, 0, 0, 1, 0, 28
"/mnt/Dev/Code/javascript/front-ends/drawings/drawer/lib/Element.js", "JavaScript", 42, 0, 0, 0, 0, 0, 0, 0, 0, 6, 0, 48
"/mnt/Dev/Code/javascript/front-ends/drawings/drawer/lib/Group.d.ts", "TypeScript", 0, 0, 0, 26, 0, 0, 0, 0, 0, 1, 0, 27
"/mnt/Dev/Code/javascript/front-ends/drawings/drawer/lib/Group.js", "JavaScript", 94, 0, 0, 0, 0, 0, 0, 0, 0, 8, 0, 102
"/mnt/Dev/Code/javascript/front-ends/drawings/drawer/lib/Path.d.ts", "TypeScript", 0, 0, 0, 55, 0, 0, 0, 0, 0, 1, 0, 56
"/mnt/Dev/Code/javascript/front-ends/drawings/drawer/lib/Path.js", "JavaScript", 193, 0, 0, 0, 0, 0, 0, 0, 0, 12, 0, 205
"/mnt/Dev/Code/javascript/front-ends/drawings/drawer/lib/PathData.d.ts", "TypeScript", 0, 0, 0, 38, 0, 0, 0, 0, 0, 1, 0, 39
"/mnt/Dev/Code/javascript/front-ends/drawings/drawer/lib/PathData.js", "JavaScript", 183, 0, 0, 0, 0, 0, 0, 0, 0, 13, 0, 196
"/mnt/Dev/Code/javascript/front-ends/drawings/drawer/lib/Preview.d.ts", "TypeScript", 0, 0, 0, 20, 0, 0, 0, 0, 0, 1, 0, 21
"/mnt/Dev/Code/javascript/front-ends/drawings/drawer/lib/Preview.js", "JavaScript", 54, 0, 0, 0, 0, 0, 0, 0, 0, 7, 0, 61
"/mnt/Dev/Code/javascript/front-ends/drawings/drawer/lib/Previews.d.ts", "TypeScript", 0, 0, 0, 14, 0, 0, 0, 0, 0, 1, 0, 15
"/mnt/Dev/Code/javascript/front-ends/drawings/drawer/lib/Previews.js", "JavaScript", 32, 0, 0, 0, 0, 0, 0, 0, 0, 3, 0, 35
"/mnt/Dev/Code/javascript/front-ends/drawings/drawer/lib/Transform.d.ts", "TypeScript", 0, 0, 0, 18, 0, 0, 0, 0, 0, 1, 0, 19
"/mnt/Dev/Code/javascript/front-ends/drawings/drawer/lib/Transform.js", "JavaScript", 54, 0, 0, 0, 0, 0, 0, 0, 0, 5, 0, 59
"/mnt/Dev/Code/javascript/front-ends/drawings/drawer/lib/commands/Arc.d.ts", "TypeScript", 0, 0, 0, 36, 0, 0, 0, 0, 0, 1, 0, 37
"/mnt/Dev/Code/javascript/front-ends/drawings/drawer/lib/commands/Arc.js", "JavaScript", 93, 0, 0, 0, 0, 0, 0, 0, 0, 7, 0, 100
"/mnt/Dev/Code/javascript/front-ends/drawings/drawer/lib/commands/Circle.d.ts", "TypeScript", 0, 0, 0, 28, 0, 0, 0, 0, 0, 1, 0, 29
"/mnt/Dev/Code/javascript/front-ends/drawings/drawer/lib/commands/Circle.js", "JavaScript", 68, 0, 0, 0, 0, 0, 0, 0, 0, 6, 0, 74
"/mnt/Dev/Code/javascript/front-ends/drawings/drawer/lib/commands/Close.d.ts", "TypeScript", 0, 0, 0, 22, 0, 0, 0, 0, 0, 1, 0, 23
"/mnt/Dev/Code/javascript/front-ends/drawings/drawer/lib/commands/Close.js", "JavaScript", 43, 0, 0, 0, 0, 0, 0, 0, 0, 4, 0, 47
"/mnt/Dev/Code/javascript/front-ends/drawings/drawer/lib/commands/Command.d.ts", "TypeScript", 0, 0, 0, 28, 0, 0, 0, 0, 0, 1, 0, 29
"/mnt/Dev/Code/javascript/front-ends/drawings/drawer/lib/commands/Command.js", "JavaScript", 74, 0, 0, 0, 0, 0, 0, 0, 0, 9, 0, 83
"/mnt/Dev/Code/javascript/front-ends/drawings/drawer/lib/commands/Curve.d.ts", "TypeScript", 0, 0, 0, 44, 0, 0, 0, 0, 0, 1, 0, 45
"/mnt/Dev/Code/javascript/front-ends/drawings/drawer/lib/commands/Curve.js", "JavaScript", 105, 0, 0, 0, 0, 0, 0, 0, 0, 8, 0, 113
"/mnt/Dev/Code/javascript/front-ends/drawings/drawer/lib/commands/Line.d.ts", "TypeScript", 0, 0, 0, 35, 0, 0, 0, 0, 0, 1, 0, 36
"/mnt/Dev/Code/javascript/front-ends/drawings/drawer/lib/commands/Line.js", "JavaScript", 63, 0, 0, 0, 0, 0, 0, 0, 0, 6, 0, 69
"/mnt/Dev/Code/javascript/front-ends/drawings/drawer/lib/commands/Move.d.ts", "TypeScript", 0, 0, 0, 25, 0, 0, 0, 0, 0, 1, 0, 26
"/mnt/Dev/Code/javascript/front-ends/drawings/drawer/lib/commands/Move.js", "JavaScript", 46, 0, 0, 0, 0, 0, 0, 0, 0, 5, 0, 51
"/mnt/Dev/Code/javascript/front-ends/drawings/drawer/lib/commands/Rect.d.ts", "TypeScript", 0, 0, 0, 22, 0, 0, 0, 0, 0, 1, 0, 23
"/mnt/Dev/Code/javascript/front-ends/drawings/drawer/lib/commands/Rect.js", "JavaScript", 53, 0, 0, 0, 0, 0, 0, 0, 0, 4, 0, 57
"/mnt/Dev/Code/javascript/front-ends/drawings/drawer/lib/commands/algorithms/catmullRomToBezier.d.ts", "TypeScript", 0, 0, 0, 1, 0, 0, 0, 0, 0, 1, 0, 2
"/mnt/Dev/Code/javascript/front-ends/drawings/drawer/lib/commands/algorithms/catmullRomToBezier.js", "JavaScript", 44, 0, 0, 0, 0, 0, 0, 0, 0, 1, 0, 45
"/mnt/Dev/Code/javascript/front-ends/drawings/drawer/lib/commands/algorithms/index.d.ts", "TypeScript", 0, 0, 0, 1, 0, 0, 0, 0, 0, 1, 0, 2
"/mnt/Dev/Code/javascript/front-ends/drawings/drawer/lib/commands/algorithms/index.js", "JavaScript", 13, 0, 0, 0, 0, 0, 0, 0, 0, 1, 0, 14
"/mnt/Dev/Code/javascript/front-ends/drawings/drawer/lib/commands/commands.d.ts", "TypeScript", 0, 0, 0, 20, 0, 0, 0, 0, 0, 1, 0, 21
"/mnt/Dev/Code/javascript/front-ends/drawings/drawer/lib/commands/commands.js", "JavaScript", 40, 0, 0, 0, 0, 0, 0, 0, 0, 1, 0, 41
"/mnt/Dev/Code/javascript/front-ends/drawings/drawer/lib/commands/index.d.ts", "TypeScript", 0, 0, 0, 9, 0, 0, 0, 0, 0, 1, 0, 10
"/mnt/Dev/Code/javascript/front-ends/drawings/drawer/lib/commands/index.js", "JavaScript", 21, 0, 0, 0, 0, 0, 0, 0, 0, 1, 0, 22
"/mnt/Dev/Code/javascript/front-ends/drawings/drawer/lib/elements/Animate.d.ts", "TypeScript", 0, 0, 0, 72, 0, 0, 0, 0, 0, 1, 0, 73
"/mnt/Dev/Code/javascript/front-ends/drawings/drawer/lib/elements/Animate.js", "JavaScript", 155, 0, 0, 0, 0, 0, 0, 0, 0, 10, 0, 165
"/mnt/Dev/Code/javascript/front-ends/drawings/drawer/lib/elements/AnimateMotion.d.ts", "TypeScript", 0, 0, 0, 58, 0, 0, 0, 0, 0, 1, 0, 59
"/mnt/Dev/Code/javascript/front-ends/drawings/drawer/lib/elements/AnimateMotion.js", "JavaScript", 155, 0, 0, 0, 0, 0, 0, 0, 0, 9, 0, 164
"/mnt/Dev/Code/javascript/front-ends/drawings/drawer/lib/elements/AnimateTransform.d.ts", "TypeScript", 0, 0, 0, 23, 0, 0, 0, 0, 0, 1, 0, 24
"/mnt/Dev/Code/javascript/front-ends/drawings/drawer/lib/elements/AnimateTransform.js", "JavaScript", 29, 0, 0, 0, 0, 0, 0, 0, 0, 1, 0, 30
"/mnt/Dev/Code/javascript/front-ends/drawings/drawer/lib/elements/Drawer.d.ts", "TypeScript", 0, 0, 0, 33, 0, 0, 0, 0, 0, 1, 0, 34
"/mnt/Dev/Code/javascript/front-ends/drawings/drawer/lib/elements/Drawer.js", "JavaScript", 88, 0, 0, 0, 0, 0, 0, 0, 0, 8, 0, 96
"/mnt/Dev/Code/javascript/front-ends/drawings/drawer/lib/elements/DrawingElement.d.ts", "TypeScript", 0, 0, 0, 33, 0, 0, 0, 0, 0, 1, 0, 34
"/mnt/Dev/Code/javascript/front-ends/drawings/drawer/lib/elements/DrawingElement.js", "JavaScript", 57, 0, 0, 0, 0, 0, 0, 0, 0, 8, 0, 65
"/mnt/Dev/Code/javascript/front-ends/drawings/drawer/lib/elements/Element.d.ts", "TypeScript", 0, 0, 0, 27, 0, 0, 0, 0, 0, 1, 0, 28
"/mnt/Dev/Code/javascript/front-ends/drawings/drawer/lib/elements/Element.js", "JavaScript", 42, 0, 0, 0, 0, 0, 0, 0, 0, 6, 0, 48
"/mnt/Dev/Code/javascript/front-ends/drawings/drawer/lib/elements/Group.d.ts", "TypeScript", 0, 0, 0, 26, 0, 0, 0, 0, 0, 1, 0, 27
"/mnt/Dev/Code/javascript/front-ends/drawings/drawer/lib/elements/Group.js", "JavaScript", 95, 0, 0, 0, 0, 0, 0, 0, 0, 8, 0, 103
"/mnt/Dev/Code/javascript/front-ends/drawings/drawer/lib/elements/Keyframe.d.ts", "TypeScript", 0, 0, 0, 16, 0, 0, 0, 0, 0, 1, 0, 17
"/mnt/Dev/Code/javascript/front-ends/drawings/drawer/lib/elements/Keyframe.js", "JavaScript", 32, 0, 0, 0, 0, 0, 0, 0, 0, 4, 0, 36
"/mnt/Dev/Code/javascript/front-ends/drawings/drawer/lib/elements/Keyframes.d.ts", "TypeScript", 0, 0, 0, 15, 0, 0, 0, 0, 0, 1, 0, 16
"/mnt/Dev/Code/javascript/front-ends/drawings/drawer/lib/elements/Keyframes.js", "JavaScript", 58, 0, 0, 0, 0, 0, 0, 0, 0, 7, 0, 65
"/mnt/Dev/Code/javascript/front-ends/drawings/drawer/lib/elements/Path.d.ts", "TypeScript", 0, 0, 0, 53, 0, 0, 0, 0, 0, 1, 0, 54
"/mnt/Dev/Code/javascript/front-ends/drawings/drawer/lib/elements/Path.js", "JavaScript", 173, 0, 0, 0, 0, 0, 0, 0, 0, 12, 0, 185
"/mnt/Dev/Code/javascript/front-ends/drawings/drawer/lib/elements/animation/Animate.d.ts", "TypeScript", 0, 0, 0, 17, 0, 0, 0, 0, 0, 1, 0, 18
"/mnt/Dev/Code/javascript/front-ends/drawings/drawer/lib/elements/animation/Animate.js", "JavaScript", 67, 0, 0, 0, 0, 0, 0, 0, 0, 3, 0, 70
"/mnt/Dev/Code/javascript/front-ends/drawings/drawer/lib/elements/animation/AnimateMotion.d.ts", "TypeScript", 0, 0, 0, 32, 0, 0, 0, 0, 0, 1, 0, 33
"/mnt/Dev/Code/javascript/front-ends/drawings/drawer/lib/elements/animation/AnimateMotion.js", "JavaScript", 136, 0, 0, 0, 0, 0, 0, 0, 0, 7, 0, 143
"/mnt/Dev/Code/javascript/front-ends/drawings/drawer/lib/elements/animation/AnimatePath.d.ts", "TypeScript", 0, 0, 0, 6, 0, 0, 0, 0, 0, 1, 0, 7
"/mnt/Dev/Code/javascript/front-ends/drawings/drawer/lib/elements/animation/AnimatePath.js", "JavaScript", 17, 0, 0, 0, 0, 0, 0, 0, 0, 1, 0, 18
"/mnt/Dev/Code/javascript/front-ends/drawings/drawer/lib/elements/animation/AnimateTransform.d.ts", "TypeScript", 0, 0, 0, 23, 0, 0, 0, 0, 0, 1, 0, 24
"/mnt/Dev/Code/javascript/front-ends/drawings/drawer/lib/elements/animation/AnimateTransform.js", "JavaScript", 29, 0, 0, 0, 0, 0, 0, 0, 0, 1, 0, 30
"/mnt/Dev/Code/javascript/front-ends/drawings/drawer/lib/elements/animation/Animation.d.ts", "TypeScript", 0, 0, 0, 65, 0, 0, 0, 0, 0, 1, 0, 66
"/mnt/Dev/Code/javascript/front-ends/drawings/drawer/lib/elements/animation/Animation.js", "JavaScript", 144, 0, 0, 0, 0, 0, 0, 0, 0, 10, 0, 154
"/mnt/Dev/Code/javascript/front-ends/drawings/drawer/lib/elements/animation/index.d.ts", "TypeScript", 0, 0, 0, 4, 0, 0, 0, 0, 0, 1, 0, 5
"/mnt/Dev/Code/javascript/front-ends/drawings/drawer/lib/elements/animation/index.js", "JavaScript", 16, 0, 0, 0, 0, 0, 0, 0, 0, 1, 0, 17
"/mnt/Dev/Code/javascript/front-ends/drawings/drawer/lib/elements/index.d.ts", "TypeScript", 0, 0, 0, 7, 0, 0, 0, 0, 0, 1, 0, 8
"/mnt/Dev/Code/javascript/front-ends/drawings/drawer/lib/elements/index.js", "JavaScript", 19, 0, 0, 0, 0, 0, 0, 0, 0, 1, 0, 20
"/mnt/Dev/Code/javascript/front-ends/drawings/drawer/lib/getSegmentsData.d.ts", "TypeScript", 0, 0, 0, 3, 0, 0, 0, 0, 0, 1, 0, 4
"/mnt/Dev/Code/javascript/front-ends/drawings/drawer/lib/getSegmentsData.js", "JavaScript", 114, 0, 0, 0, 0, 0, 0, 0, 0, 2, 0, 116
"/mnt/Dev/Code/javascript/front-ends/drawings/drawer/lib/index.d.ts", "TypeScript", 0, 0, 0, 10, 0, 0, 0, 0, 0, 1, 0, 11
"/mnt/Dev/Code/javascript/front-ends/drawings/drawer/lib/index.js", "JavaScript", 22, 0, 0, 0, 0, 0, 0, 0, 0, 1, 0, 23
"/mnt/Dev/Code/javascript/front-ends/drawings/drawer/lib/point/Point.d.ts", "TypeScript", 0, 0, 0, 15, 0, 0, 0, 0, 0, 1, 0, 16
"/mnt/Dev/Code/javascript/front-ends/drawings/drawer/lib/point/Point.js", "JavaScript", 32, 0, 0, 0, 0, 0, 0, 0, 0, 2, 0, 34
"/mnt/Dev/Code/javascript/front-ends/drawings/drawer/lib/point/PointArray.d.ts", "TypeScript", 0, 0, 0, 18, 0, 0, 0, 0, 0, 1, 0, 19
"/mnt/Dev/Code/javascript/front-ends/drawings/drawer/lib/point/PointArray.js", "JavaScript", 72, 0, 0, 0, 0, 0, 0, 0, 0, 6, 0, 78
"/mnt/Dev/Code/javascript/front-ends/drawings/drawer/lib/point/index.d.ts", "TypeScript", 0, 0, 0, 2, 0, 0, 0, 0, 0, 1, 0, 3
"/mnt/Dev/Code/javascript/front-ends/drawings/drawer/lib/point/index.js", "JavaScript", 14, 0, 0, 0, 0, 0, 0, 0, 0, 1, 0, 15
"/mnt/Dev/Code/javascript/front-ends/drawings/drawer/lib/types/TypedCommandObject.d.ts", "TypeScript", 0, 0, 0, 2, 0, 0, 0, 0, 0, 1, 0, 3
"/mnt/Dev/Code/javascript/front-ends/drawings/drawer/lib/types/TypedCommandObject.js", "JavaScript", 2, 0, 0, 0, 0, 0, 0, 0, 0, 1, 0, 3
"/mnt/Dev/Code/javascript/front-ends/drawings/drawer/lib/types/index.d.ts", "TypeScript", 0, 0, 0, 4, 0, 0, 0, 0, 0, 1, 0, 5
"/mnt/Dev/Code/javascript/front-ends/drawings/drawer/lib/types/index.js", "JavaScript", 16, 0, 0, 0, 0, 0, 0, 0, 0, 1, 0, 17
"/mnt/Dev/Code/javascript/front-ends/drawings/drawer/lib/types/object.d.ts", "TypeScript", 0, 0, 0, 4, 0, 0, 0, 0, 0, 70, 0, 74
"/mnt/Dev/Code/javascript/front-ends/drawings/drawer/lib/types/object.js", "JavaScript", 2, 0, 0, 0, 0, 0, 0, 0, 0, 1, 0, 3
"/mnt/Dev/Code/javascript/front-ends/drawings/drawer/lib/types/point.d.ts", "TypeScript", 0, 0, 0, 4, 0, 0, 0, 0, 0, 1, 0, 5
"/mnt/Dev/Code/javascript/front-ends/drawings/drawer/lib/types/point.js", "JavaScript", 2, 0, 0, 0, 0, 0, 0, 0, 0, 1, 0, 3
"/mnt/Dev/Code/javascript/front-ends/drawings/drawer/lib/types/segment.d.ts", "TypeScript", 0, 0, 0, 46, 0, 0, 0, 0, 0, 1, 0, 47
"/mnt/Dev/Code/javascript/front-ends/drawings/drawer/lib/types/segment.js", "JavaScript", 2, 0, 0, 0, 0, 0, 0, 0, 0, 1, 0, 3
"/mnt/Dev/Code/javascript/front-ends/drawings/drawer/lib/utils/array.d.ts", "TypeScript", 0, 0, 0, 2, 0, 0, 0, 0, 0, 1, 0, 3
"/mnt/Dev/Code/javascript/front-ends/drawings/drawer/lib/utils/array.js", "JavaScript", 15, 0, 0, 0, 0, 0, 0, 0, 0, 1, 0, 16
"/mnt/Dev/Code/javascript/front-ends/drawings/drawer/lib/utils/index.d.ts", "TypeScript", 0, 0, 0, 2, 0, 0, 0, 0, 0, 1, 0, 3
"/mnt/Dev/Code/javascript/front-ends/drawings/drawer/lib/utils/index.js", "JavaScript", 14, 0, 0, 0, 0, 0, 0, 0, 0, 1, 0, 15
"/mnt/Dev/Code/javascript/front-ends/drawings/drawer/lib/utils/object.d.ts", "TypeScript", 0, 0, 0, 2, 0, 0, 0, 0, 0, 1, 0, 3
"/mnt/Dev/Code/javascript/front-ends/drawings/drawer/lib/utils/object.js", "JavaScript", 9, 0, 0, 0, 0, 0, 0, 0, 0, 1, 0, 10
"/mnt/Dev/Code/javascript/front-ends/drawings/drawer/lib/utils/segment.d.ts", "TypeScript", 0, 0, 0, 42, 0, 0, 0, 0, 0, 1, 0, 43
"/mnt/Dev/Code/javascript/front-ends/drawings/drawer/lib/utils/segment.js", "JavaScript", 2, 0, 0, 0, 0, 0, 0, 0, 0, 1, 0, 3
"/mnt/Dev/Code/javascript/front-ends/drawings/drawer/package.json", "JSON", 0, 0, 29, 0, 0, 0, 0, 0, 0, 0, 1, 30
"/mnt/Dev/Code/javascript/front-ends/drawings/drawer/pnpm-lock.yaml", "YAML", 0, 0, 0, 0, 0, 0, 0, 0, 4896, 0, 755, 5651
"/mnt/Dev/Code/javascript/front-ends/drawings/drawer/src/DrawerData.ts", "TypeScript", 0, 0, 0, 5, 0, 0, 0, 0, 0, 0, 2, 7
"/mnt/Dev/Code/javascript/front-ends/drawings/drawer/src/PathData.ts", "TypeScript", 0, 0, 0, 188, 0, 0, 0, 0, 0, 12, 51, 251
"/mnt/Dev/Code/javascript/front-ends/drawings/drawer/src/Preview.ts", "TypeScript", 0, 0, 0, 53, 0, 0, 0, 0, 0, 6, 14, 73
"/mnt/Dev/Code/javascript/front-ends/drawings/drawer/src/Previews.ts", "TypeScript", 0, 0, 0, 26, 0, 0, 0, 0, 0, 2, 8, 36
"/mnt/Dev/Code/javascript/front-ends/drawings/drawer/src/Transform.ts", "TypeScript", 0, 0, 0, 53, 0, 0, 0, 0, 0, 4, 15, 72
"/mnt/Dev/Code/javascript/front-ends/drawings/drawer/src/commands/Arc.ts", "TypeScript", 0, 0, 0, 99, 0, 0, 0, 0, 0, 7, 23, 129
"/mnt/Dev/Code/javascript/front-ends/drawings/drawer/src/commands/Circle.ts", "TypeScript", 0, 0, 0, 72, 0, 0, 0, 0, 0, 6, 20, 98
"/mnt/Dev/Code/javascript/front-ends/drawings/drawer/src/commands/Close.ts", "TypeScript", 0, 0, 0, 43, 0, 0, 0, 0, 0, 4, 13, 60
"/mnt/Dev/Code/javascript/front-ends/drawings/drawer/src/commands/Command.ts", "TypeScript", 0, 0, 0, 66, 0, 0, 0, 0, 0, 8, 21, 95
"/mnt/Dev/Code/javascript/front-ends/drawings/drawer/src/commands/Curve.ts", "TypeScript", 0, 0, 0, 109, 0, 0, 0, 0, 0, 8, 29, 146
"/mnt/Dev/Code/javascript/front-ends/drawings/drawer/src/commands/Line.ts", "TypeScript", 0, 0, 0, 67, 0, 0, 0, 0, 0, 6, 18, 91
"/mnt/Dev/Code/javascript/front-ends/drawings/drawer/src/commands/Move.ts", "TypeScript", 0, 0, 0, 48, 0, 0, 0, 0, 0, 5, 15, 68
"/mnt/Dev/Code/javascript/front-ends/drawings/drawer/src/commands/Rect.ts", "TypeScript", 0, 0, 0, 57, 0, 0, 0, 0, 0, 4, 15, 76
"/mnt/Dev/Code/javascript/front-ends/drawings/drawer/src/commands/algorithms/catmullRomToBezier.ts", "TypeScript", 0, 0, 0, 36, 0, 0, 0, 0, 0, 0, 5, 41
"/mnt/Dev/Code/javascript/front-ends/drawings/drawer/src/commands/algorithms/index.ts", "TypeScript", 0, 0, 0, 1, 0, 0, 0, 0, 0, 0, 1, 2
"/mnt/Dev/Code/javascript/front-ends/drawings/drawer/src/commands/commands.ts", "TypeScript", 0, 0, 0, 40, 0, 0, 0, 0, 0, 0, 3, 43
"/mnt/Dev/Code/javascript/front-ends/drawings/drawer/src/commands/index.ts", "TypeScript", 0, 0, 0, 9, 0, 0, 0, 0, 0, 0, 1, 10
"/mnt/Dev/Code/javascript/front-ends/drawings/drawer/src/elements/Drawer.ts", "TypeScript", 0, 0, 0, 98, 0, 0, 0, 0, 0, 8, 21, 127
"/mnt/Dev/Code/javascript/front-ends/drawings/drawer/src/elements/DrawingElement.ts", "TypeScript", 0, 0, 0, 69, 0, 0, 0, 0, 0, 10, 17, 96
"/mnt/Dev/Code/javascript/front-ends/drawings/drawer/src/elements/Group.ts", "TypeScript", 0, 0, 0, 95, 0, 0, 0, 0, 0, 8, 29, 132
"/mnt/Dev/Code/javascript/front-ends/drawings/drawer/src/elements/Keyframe.ts", "TypeScript", 0, 0, 0, 34, 0, 0, 0, 0, 0, 4, 10, 48
"/mnt/Dev/Code/javascript/front-ends/drawings/drawer/src/elements/Keyframes.ts", "TypeScript", 0, 0, 0, 56, 0, 0, 0, 0, 0, 6, 16, 78
"/mnt/Dev/Code/javascript/front-ends/drawings/drawer/src/elements/Path.ts", "TypeScript", 0, 0, 0, 176, 0, 0, 0, 0, 0, 12, 42, 230
"/mnt/Dev/Code/javascript/front-ends/drawings/drawer/src/elements/animation/Animate.ts", "TypeScript", 0, 0, 0, 71, 0, 0, 0, 0, 0, 3, 10, 84
"/mnt/Dev/Code/javascript/front-ends/drawings/drawer/src/elements/animation/AnimateMotion.ts", "TypeScript", 0, 0, 0, 136, 0, 0, 0, 0, 0, 6, 28, 170
"/mnt/Dev/Code/javascript/front-ends/drawings/drawer/src/elements/animation/AnimatePath.ts", "TypeScript", 0, 0, 0, 13, 0, 0, 0, 0, 0, 0, 5, 18
"/mnt/Dev/Code/javascript/front-ends/drawings/drawer/src/elements/animation/AnimateTransform.ts", "TypeScript", 0, 0, 0, 23, 0, 0, 0, 0, 0, 0, 5, 28
"/mnt/Dev/Code/javascript/front-ends/drawings/drawer/src/elements/animation/Animation.ts", "TypeScript", 0, 0, 0, 178, 0, 0, 0, 0, 0, 10, 34, 222
"/mnt/Dev/Code/javascript/front-ends/drawings/drawer/src/elements/animation/index.ts", "TypeScript", 0, 0, 0, 4, 0, 0, 0, 0, 0, 0, 1, 5
"/mnt/Dev/Code/javascript/front-ends/drawings/drawer/src/elements/index.ts", "TypeScript", 0, 0, 0, 7, 0, 0, 0, 0, 0, 0, 1, 8
"/mnt/Dev/Code/javascript/front-ends/drawings/drawer/src/getSegmentsData.ts", "TypeScript", 0, 0, 0, 116, 0, 0, 0, 0, 0, 1, 23, 140
"/mnt/Dev/Code/javascript/front-ends/drawings/drawer/src/index.ts", "TypeScript", 0, 0, 0, 10, 0, 0, 0, 0, 0, 0, 1, 11
"/mnt/Dev/Code/javascript/front-ends/drawings/drawer/src/point/Point.ts", "TypeScript", 0, 0, 0, 33, 0, 0, 0, 0, 0, 2, 8, 43
"/mnt/Dev/Code/javascript/front-ends/drawings/drawer/src/point/PointArray.ts", "TypeScript", 0, 0, 0, 70, 0, 0, 0, 0, 0, 6, 24, 100
"/mnt/Dev/Code/javascript/front-ends/drawings/drawer/src/point/index.ts", "TypeScript", 0, 0, 0, 2, 0, 0, 0, 0, 0, 0, 1, 3
"/mnt/Dev/Code/javascript/front-ends/drawings/drawer/src/types/TypedCommandObject.ts", "TypeScript", 0, 0, 0, 10, 0, 0, 0, 0, 0, 0, 2, 12
"/mnt/Dev/Code/javascript/front-ends/drawings/drawer/src/types/index.ts", "TypeScript", 0, 0, 0, 4, 0, 0, 0, 0, 0, 0, 1, 5
"/mnt/Dev/Code/javascript/front-ends/drawings/drawer/src/types/object.ts", "TypeScript", 0, 0, 0, 23, 0, 0, 0, 0, 0, 69, 4, 96
"/mnt/Dev/Code/javascript/front-ends/drawings/drawer/src/types/point.ts", "TypeScript", 0, 0, 0, 4, 0, 0, 0, 0, 0, 0, 1, 5
"/mnt/Dev/Code/javascript/front-ends/drawings/drawer/src/types/segment.ts", "TypeScript", 0, 0, 0, 33, 0, 0, 0, 0, 0, 0, 3, 36
"/mnt/Dev/Code/javascript/front-ends/drawings/drawer/src/utils/array.ts", "TypeScript", 0, 0, 0, 10, 0, 0, 0, 0, 0, 0, 4, 14
"/mnt/Dev/Code/javascript/front-ends/drawings/drawer/src/utils/index.ts", "TypeScript", 0, 0, 0, 2, 0, 0, 0, 0, 0, 0, 1, 3
"/mnt/Dev/Code/javascript/front-ends/drawings/drawer/src/utils/object.ts", "TypeScript", 0, 0, 0, 6, 0, 0, 0, 0, 0, 0, 2, 8
"/mnt/Dev/Code/javascript/front-ends/drawings/drawer/tsconfig.json", "JSON", 0, 0, 28, 0, 0, 0, 0, 0, 0, 0, 4, 32
"/mnt/Dev/Code/javascript/front-ends/drawings/drawing-viewer/README.md", "Markdown", 0, 25, 0, 0, 0, 0, 0, 0, 0, 0, 20, 45
"/mnt/Dev/Code/javascript/front-ends/drawings/drawing-viewer/package-lock.json", "JSON", 0, 0, 39124, 0, 0, 0, 0, 0, 0, 0, 1, 39125
"/mnt/Dev/Code/javascript/front-ends/drawings/drawing-viewer/package.json", "JSON", 0, 0, 56, 0, 0, 0, 0, 0, 0, 0, 1, 57
"/mnt/Dev/Code/javascript/front-ends/drawings/drawing-viewer/pnpm-lock.yaml", "YAML", 0, 0, 0, 0, 0, 0, 0, 0, 10768, 0, 1558, 12326
"/mnt/Dev/Code/javascript/front-ends/drawings/drawing-viewer/public/index.html", "HTML", 0, 0, 0, 0, 0, 0, 20, 0, 0, 23, 1, 44
"/mnt/Dev/Code/javascript/front-ends/drawings/drawing-viewer/public/manifest.json", "JSON", 0, 0, 25, 0, 0, 0, 0, 0, 0, 0, 1, 26
"/mnt/Dev/Code/javascript/front-ends/drawings/drawing-viewer/src/components/Interactable/Interactable.css", "CSS", 0, 0, 0, 0, 0, 11, 0, 0, 0, 0, 2, 13
"/mnt/Dev/Code/javascript/front-ends/drawings/drawing-viewer/src/components/Interactable/Interactable.tsx", "TypeScript React", 0, 0, 0, 0, 0, 0, 0, 70, 0, 0, 15, 85
"/mnt/Dev/Code/javascript/front-ends/drawings/drawing-viewer/src/components/Interactable/index.ts", "TypeScript", 0, 0, 0, 1, 0, 0, 0, 0, 0, 0, 1, 2
"/mnt/Dev/Code/javascript/front-ends/drawings/drawing-viewer/src/components/Radio/Radio.tsx", "TypeScript React", 0, 0, 0, 0, 0, 0, 0, 18, 0, 0, 3, 21
"/mnt/Dev/Code/javascript/front-ends/drawings/drawing-viewer/src/components/Radio/index.ts", "TypeScript", 0, 0, 0, 1, 0, 0, 0, 0, 0, 0, 1, 2
"/mnt/Dev/Code/javascript/front-ends/drawings/drawing-viewer/src/components/SimpleRadioGroup/SimpleRadioGroup.tsx", "TypeScript React", 0, 0, 0, 0, 0, 0, 0, 17, 0, 0, 4, 21
"/mnt/Dev/Code/javascript/front-ends/drawings/drawing-viewer/src/components/SimpleRadioGroup/index.ts", "TypeScript", 0, 0, 0, 1, 0, 0, 0, 0, 0, 0, 1, 2
"/mnt/Dev/Code/javascript/front-ends/drawings/drawing-viewer/src/components/SizePicker/SizePicker.tsx", "TypeScript React", 0, 0, 0, 0, 0, 0, 0, 26, 0, 0, 6, 32
"/mnt/Dev/Code/javascript/front-ends/drawings/drawing-viewer/src/components/SizePicker/index.ts", "TypeScript", 0, 0, 0, 1, 0, 0, 0, 0, 0, 0, 1, 2
"/mnt/Dev/Code/javascript/front-ends/drawings/drawing-viewer/src/components/SizePicker/utils/index.ts", "TypeScript", 0, 0, 0, 1, 0, 0, 0, 0, 0, 0, 1, 2
"/mnt/Dev/Code/javascript/front-ends/drawings/drawing-viewer/src/components/SizePicker/utils/size.ts", "TypeScript", 0, 0, 0, 11, 0, 0, 0, 0, 0, 0, 3, 14
"/mnt/Dev/Code/javascript/front-ends/drawings/drawing-viewer/src/components/StandaloneInteractable/StandaloneInteractable.tsx", "TypeScript React", 0, 0, 0, 0, 0, 0, 0, 60, 0, 0, 14, 74
"/mnt/Dev/Code/javascript/front-ends/drawings/drawing-viewer/src/components/StandaloneInteractable/index.ts", "TypeScript", 0, 0, 0, 1, 0, 0, 0, 0, 0, 0, 1, 2
"/mnt/Dev/Code/javascript/front-ends/drawings/drawing-viewer/src/components/Switch/Switch.tsx", "TypeScript React", 0, 0, 0, 0, 0, 0, 0, 17, 0, 0, 3, 20
"/mnt/Dev/Code/javascript/front-ends/drawings/drawing-viewer/src/components/Switch/index.ts", "TypeScript", 0, 0, 0, 1, 0, 0, 0, 0, 0, 0, 1, 2
"/mnt/Dev/Code/javascript/front-ends/drawings/drawing-viewer/src/components/TreeCheckItem/TreeCheckItem.tsx", "TypeScript React", 0, 0, 0, 0, 0, 0, 0, 43, 0, 0, 6, 49
"/mnt/Dev/Code/javascript/front-ends/drawings/drawing-viewer/src/components/TreeCheckItem/TreeCheckLabel/TreeCheckLabel.tsx", "TypeScript React", 0, 0, 0, 0, 0, 0, 0, 23, 0, 0, 5, 28
"/mnt/Dev/Code/javascript/front-ends/drawings/drawing-viewer/src/components/TreeCheckItem/TreeCheckLabel/index.ts", "TypeScript", 0, 0, 0, 1, 0, 0, 0, 0, 0, 0, 1, 2
"/mnt/Dev/Code/javascript/front-ends/drawings/drawing-viewer/src/components/TreeCheckItem/TreeParentLabel/TreeParentLabel.tsx", "TypeScript React", 0, 0, 0, 0, 0, 0, 0, 36, 0, 0, 9, 45
"/mnt/Dev/Code/javascript/front-ends/drawings/drawing-viewer/src/components/TreeCheckItem/TreeParentLabel/index.ts", "TypeScript", 0, 0, 0, 1, 0, 0, 0, 0, 0, 0, 1, 2
"/mnt/Dev/Code/javascript/front-ends/drawings/drawing-viewer/src/components/TreeCheckItem/index.ts", "TypeScript", 0, 0, 0, 2, 0, 0, 0, 0, 0, 0, 1, 3
"/mnt/Dev/Code/javascript/front-ends/drawings/drawing-viewer/src/components/TreeCheckItem/types.ts", "TypeScript", 0, 0, 0, 7, 0, 0, 0, 0, 0, 0, 2, 9
"/mnt/Dev/Code/javascript/front-ends/drawings/drawing-viewer/src/constants.ts", "TypeScript", 0, 0, 0, 7, 0, 0, 0, 0, 0, 0, 1, 8
"/mnt/Dev/Code/javascript/front-ends/drawings/drawing-viewer/src/declaration.d.ts", "TypeScript", 0, 0, 0, 1, 0, 0, 0, 0, 0, 0, 1, 2
"/mnt/Dev/Code/javascript/front-ends/drawings/drawing-viewer/src/features/canvas/Canvas.css", "CSS", 0, 0, 0, 0, 0, 18, 0, 0, 0, 5, 3, 26
"/mnt/Dev/Code/javascript/front-ends/drawings/drawing-viewer/src/features/canvas/Canvas.tsx", "TypeScript React", 0, 0, 0, 0, 0, 0, 0, 42, 0, 0, 7, 49
"/mnt/Dev/Code/javascript/front-ends/drawings/drawing-viewer/src/features/canvas/canvasSlice.ts", "TypeScript", 0, 0, 0, 40, 0, 0, 0, 0, 0, 0, 6, 46
"/mnt/Dev/Code/javascript/front-ends/drawings/drawing-viewer/src/features/canvas/index.ts", "TypeScript", 0, 0, 0, 2, 0, 0, 0, 0, 0, 0, 1, 3
"/mnt/Dev/Code/javascript/front-ends/drawings/drawing-viewer/src/features/drawingPanel/DrawingPanel.css", "CSS", 0, 0, 0, 0, 0, 46, 0, 0, 0, 0, 9, 55
"/mnt/Dev/Code/javascript/front-ends/drawings/drawing-viewer/src/features/drawingPanel/DrawingPanel.tsx", "TypeScript React", 0, 0, 0, 0, 0, 0, 0, 11, 0, 0, 4, 15
"/mnt/Dev/Code/javascript/front-ends/drawings/drawing-viewer/src/features/drawingPanel/PanelWithData/CanvasSection/CanvasSection.tsx", "TypeScript React", 0, 0, 0, 0, 0, 0, 0, 39, 0, 0, 10, 49
"/mnt/Dev/Code/javascript/front-ends/drawings/drawing-viewer/src/features/drawingPanel/PanelWithData/CanvasSection/index.ts", "TypeScript", 0, 0, 0, 1, 0, 0, 0, 0, 0, 0, 1, 2
"/mnt/Dev/Code/javascript/front-ends/drawings/drawing-viewer/src/features/drawingPanel/PanelWithData/DebugSection/DebugSection.tsx", "TypeScript React", 0, 0, 0, 0, 0, 0, 0, 34, 0, 0, 7, 41
"/mnt/Dev/Code/javascript/front-ends/drawings/drawing-viewer/src/features/drawingPanel/PanelWithData/DebugSection/index.ts", "TypeScript", 0, 0, 0, 1, 0, 0, 0, 0, 0, 0, 1, 2
"/mnt/Dev/Code/javascript/front-ends/drawings/drawing-viewer/src/features/drawingPanel/PanelWithData/PanelSection/PanelSection.tsx", "TypeScript React", 0, 0, 0, 0, 0, 0, 0, 15, 0, 0, 4, 19
"/mnt/Dev/Code/javascript/front-ends/drawings/drawing-viewer/src/features/drawingPanel/PanelWithData/PanelSection/index.ts", "TypeScript", 0, 0, 0, 1, 0, 0, 0, 0, 0, 0, 1, 2
"/mnt/Dev/Code/javascript/front-ends/drawings/drawing-viewer/src/features/drawingPanel/PanelWithData/PanelWithData.tsx", "TypeScript React", 0, 0, 0, 0, 0, 0, 0, 13, 0, 0, 3, 16
"/mnt/Dev/Code/javascript/front-ends/drawings/drawing-viewer/src/features/drawingPanel/PanelWithData/ReferencesSection/ReferencesSection.tsx", "TypeScript React", 0, 0, 0, 0, 0, 0, 0, 52, 0, 0, 8, 60
"/mnt/Dev/Code/javascript/front-ends/drawings/drawing-viewer/src/features/drawingPanel/PanelWithData/ReferencesSection/hooks/index.ts", "TypeScript", 0, 0, 0, 1, 0, 0, 0, 0, 0, 0, 1, 2
"/mnt/Dev/Code/javascript/front-ends/drawings/drawing-viewer/src/features/drawingPanel/PanelWithData/ReferencesSection/hooks/useDropzone.ts", "TypeScript", 0, 0, 0, 13, 0, 0, 0, 0, 0, 0, 4, 17
"/mnt/Dev/Code/javascript/front-ends/drawings/drawing-viewer/src/features/drawingPanel/PanelWithData/ReferencesSection/index.ts", "TypeScript", 0, 0, 0, 1, 0, 0, 0, 0, 0, 0, 1, 2
"/mnt/Dev/Code/javascript/front-ends/drawings/drawing-viewer/src/features/drawingPanel/PanelWithData/index.ts", "TypeScript", 0, 0, 0, 1, 0, 0, 0, 0, 0, 0, 1, 2
"/mnt/Dev/Code/javascript/front-ends/drawings/drawing-viewer/src/features/drawingPanel/PanelWithoutData/PanelWithoutData.tsx", "TypeScript React", 0, 0, 0, 0, 0, 0, 0, 8, 0, 0, 2, 10
"/mnt/Dev/Code/javascript/front-ends/drawings/drawing-viewer/src/features/drawingPanel/PanelWithoutData/index.ts", "TypeScript", 0, 0, 0, 1, 0, 0, 0, 0, 0, 0, 1, 2
"/mnt/Dev/Code/javascript/front-ends/drawings/drawing-viewer/src/features/drawingPanel/drawingPanelSlice.ts", "TypeScript", 0, 0, 0, 20, 0, 0, 0, 0, 0, 0, 8, 28
"/mnt/Dev/Code/javascript/front-ends/drawings/drawing-viewer/src/features/drawingPanel/index.ts", "TypeScript", 0, 0, 0, 2, 0, 0, 0, 0, 0, 0, 1, 3
"/mnt/Dev/Code/javascript/front-ends/drawings/drawing-viewer/src/features/drawingPanel/utils/index.ts", "TypeScript", 0, 0, 0, 1, 0, 0, 0, 0, 0, 0, 1, 2
"/mnt/Dev/Code/javascript/front-ends/drawings/drawing-viewer/src/features/drawingPanel/utils/node.ts", "TypeScript", 0, 0, 0, 36, 0, 0, 0, 0, 0, 0, 7, 43
"/mnt/Dev/Code/javascript/front-ends/drawings/drawing-viewer/src/features/previews/Preview/Preview.tsx", "TypeScript React", 0, 0, 0, 0, 0, 0, 0, 29, 0, 0, 4, 33
"/mnt/Dev/Code/javascript/front-ends/drawings/drawing-viewer/src/features/previews/Preview/index.ts", "TypeScript", 0, 0, 0, 1, 0, 0, 0, 0, 0, 0, 1, 2
"/mnt/Dev/Code/javascript/front-ends/drawings/drawing-viewer/src/features/previews/Previews.css", "CSS", 0, 0, 0, 0, 0, 90, 0, 0, 0, 8, 15, 113
"/mnt/Dev/Code/javascript/front-ends/drawings/drawing-viewer/src/features/previews/Previews.tsx", "TypeScript React", 0, 0, 0, 0, 0, 0, 0, 65, 0, 0, 8, 73
"/mnt/Dev/Code/javascript/front-ends/drawings/drawing-viewer/src/features/previews/Reference/Reference.tsx", "TypeScript React", 0, 0, 0, 0, 0, 0, 0, 21, 0, 0, 5, 26
"/mnt/Dev/Code/javascript/front-ends/drawings/drawing-viewer/src/features/previews/Reference/index.ts", "TypeScript", 0, 0, 0, 1, 0, 0, 0, 0, 0, 0, 1, 2
"/mnt/Dev/Code/javascript/front-ends/drawings/drawing-viewer/src/features/previews/index.ts", "TypeScript", 0, 0, 0, 2, 0, 0, 0, 0, 0, 0, 1, 3
"/mnt/Dev/Code/javascript/front-ends/drawings/drawing-viewer/src/features/previews/previewsSlice.ts", "TypeScript", 0, 0, 0, 41, 0, 0, 0, 0, 0, 0, 7, 48
"/mnt/Dev/Code/javascript/front-ends/drawings/drawing-viewer/src/features/previews/utils/index.ts", "TypeScript", 0, 0, 0, 1, 0, 0, 0, 0, 0, 0, 1, 2
"/mnt/Dev/Code/javascript/front-ends/drawings/drawing-viewer/src/features/previews/utils/previewSize.ts", "TypeScript", 0, 0, 0, 9, 0, 0, 0, 0, 0, 0, 3, 12
"/mnt/Dev/Code/javascript/front-ends/drawings/drawing-viewer/src/hooks/index.ts", "TypeScript", 0, 0, 0, 4, 0, 0, 0, 0, 0, 0, 1, 5
"/mnt/Dev/Code/javascript/front-ends/drawings/drawing-viewer/src/hooks/useFactor.ts", "TypeScript", 0, 0, 0, 15, 0, 0, 0, 0, 0, 0, 6, 21
"/mnt/Dev/Code/javascript/front-ends/drawings/drawing-viewer/src/hooks/useKeyPressCatcher.ts", "TypeScript", 0, 0, 0, 16, 0, 0, 0, 0, 0, 1, 6, 23
"/mnt/Dev/Code/javascript/front-ends/drawings/drawing-viewer/src/hooks/useMouseHandler.ts", "TypeScript", 0, 0, 0, 12, 0, 0, 0, 0, 0, 1, 4, 17
"/mnt/Dev/Code/javascript/front-ends/drawings/drawing-viewer/src/hooks/useSocket.ts", "TypeScript", 0, 0, 0, 15, 0, 0, 0, 0, 0, 1, 6, 22
"/mnt/Dev/Code/javascript/front-ends/drawings/drawing-viewer/src/index.css", "CSS", 0, 0, 0, 0, 0, 12, 0, 0, 0, 0, 2, 14
"/mnt/Dev/Code/javascript/front-ends/drawings/drawing-viewer/src/index.tsx", "TypeScript React", 0, 0, 0, 0, 0, 0, 0, 16, 0, 3, 4, 23
"/mnt/Dev/Code/javascript/front-ends/drawings/drawing-viewer/src/logo.svg", "SVG", 0, 0, 0, 0, 1, 0, 0, 0, 0, 0, 1, 2
"/mnt/Dev/Code/javascript/front-ends/drawings/drawing-viewer/src/pages/WhiteBoardPage/WhiteBoardPage.tsx", "TypeScript React", 0, 0, 0, 0, 0, 0, 0, 15, 0, 0, 4, 19
"/mnt/Dev/Code/javascript/front-ends/drawings/drawing-viewer/src/pages/WhiteBoardPage/index.ts", "TypeScript", 0, 0, 0, 1, 0, 0, 0, 0, 0, 0, 1, 2
"/mnt/Dev/Code/javascript/front-ends/drawings/drawing-viewer/src/pages/WhiteBoardPage/useUpdateSvg.ts", "TypeScript", 0, 0, 0, 18, 0, 0, 0, 0, 0, 1, 7, 26
"/mnt/Dev/Code/javascript/front-ends/drawings/drawing-viewer/src/react-app-env.d.ts", "TypeScript", 0, 0, 0, 0, 0, 0, 0, 0, 0, 1, 1, 2
"/mnt/Dev/Code/javascript/front-ends/drawings/drawing-viewer/src/serviceWorker.ts", "TypeScript", 0, 0, 0, 102, 0, 0, 0, 0, 0, 31, 14, 147
"/mnt/Dev/Code/javascript/front-ends/drawings/drawing-viewer/src/setupTests.ts", "TypeScript", 0, 0, 0, 1, 0, 0, 0, 0, 0, 4, 1, 6
"/mnt/Dev/Code/javascript/front-ends/drawings/drawing-viewer/src/store/drawerSlice.ts", "TypeScript", 0, 0, 0, 38, 0, 0, 0, 0, 0, 0, 9, 47
"/mnt/Dev/Code/javascript/front-ends/drawings/drawing-viewer/src/store/index.ts", "TypeScript", 0, 0, 0, 3, 0, 0, 0, 0, 0, 0, 1, 4
"/mnt/Dev/Code/javascript/front-ends/drawings/drawing-viewer/src/store/store.ts", "TypeScript", 0, 0, 0, 21, 0, 0, 0, 0, 0, 0, 4, 25
"/mnt/Dev/Code/javascript/front-ends/drawings/drawing-viewer/src/store/storeHooks.ts", "TypeScript", 0, 0, 0, 4, 0, 0, 0, 0, 0, 1, 2, 7
"/mnt/Dev/Code/javascript/front-ends/drawings/drawing-viewer/src/types.ts", "TypeScript", 0, 0, 0, 10, 0, 0, 0, 0, 0, 0, 3, 13
"/mnt/Dev/Code/javascript/front-ends/drawings/drawing-viewer/src/utils/KeyPressCatcher.ts", "TypeScript", 0, 0, 0, 36, 0, 0, 0, 0, 0, 0, 11, 47
"/mnt/Dev/Code/javascript/front-ends/drawings/drawing-viewer/src/utils/MouseHandler.ts", "TypeScript", 0, 0, 0, 43, 0, 0, 0, 0, 0, 0, 12, 55
"/mnt/Dev/Code/javascript/front-ends/drawings/drawing-viewer/src/utils/file.ts", "TypeScript", 0, 0, 0, 6, 0, 0, 0, 0, 0, 0, 2, 8
"/mnt/Dev/Code/javascript/front-ends/drawings/drawing-viewer/src/utils/index.ts", "TypeScript", 0, 0, 0, 6, 0, 0, 0, 0, 0, 0, 1, 7
"/mnt/Dev/Code/javascript/front-ends/drawings/drawing-viewer/src/utils/math.ts", "TypeScript", 0, 0, 0, 69, 0, 0, 0, 0, 0, 2, 17, 88
"/mnt/Dev/Code/javascript/front-ends/drawings/drawing-viewer/src/utils/styles.ts", "TypeScript", 0, 0, 0, 3, 0, 0, 0, 0, 0, 0, 1, 4
"/mnt/Dev/Code/javascript/front-ends/drawings/drawing-viewer/src/utils/tree.ts", "TypeScript", 0, 0, 0, 80, 0, 0, 0, 0, 0, 0, 23, 103
"/mnt/Dev/Code/javascript/front-ends/drawings/drawing-viewer/tsconfig.json", "JSON", 0, 0, 26, 0, 0, 0, 0, 0, 0, 0, 1, 27
"/mnt/Dev/Code/javascript/front-ends/drawings/drawings/.eslintrc.js", "JavaScript", 5, 0, 0, 0, 0, 0, 0, 0, 0, 0, 2, 7
"/mnt/Dev/Code/javascript/front-ends/drawings/drawings/.heft/build-cache/jest-typescript-data.json", "JSON", 0, 0, 4, 0, 0, 0, 0, 0, 0, 1, 1, 6
"/mnt/Dev/Code/javascript/front-ends/drawings/drawings/config/jest.config.json", "JSON", 0, 0, 11, 0, 0, 0, 0, 0, 0, 0, 1, 12
"/mnt/Dev/Code/javascript/front-ends/drawings/drawings/lib/drawings/sfw/DaneroAndArcdanis/arcdanis/head/head.details/ears/ears.lineart.d.ts", "TypeScript", 0, 0, 0, 3, 0, 0, 0, 0, 0, 1, 0, 4
"/mnt/Dev/Code/javascript/front-ends/drawings/drawings/lib/drawings/sfw/DaneroAndArcdanis/arcdanis/head/head.details/ears/ears.lineart.js", "JavaScript", 23, 0, 0, 0, 0, 0, 0, 0, 0, 9, 0, 32
"/mnt/Dev/Code/javascript/front-ends/drawings/drawings/lib/drawings/sfw/DaneroAndArcdanis/arcdanis/head/head.details/ears/index.d.ts", "TypeScript", 0, 0, 0, 3, 0, 0, 0, 0, 0, 1, 0, 4
"/mnt/Dev/Code/javascript/front-ends/drawings/drawings/lib/drawings/sfw/DaneroAndArcdanis/arcdanis/head/head.details/ears/index.js", "JavaScript", 9, 0, 0, 0, 0, 0, 0, 0, 0, 1, 0, 10
"/mnt/Dev/Code/javascript/front-ends/drawings/drawings/lib/drawings/sfw/DaneroAndArcdanis/arcdanis/head/head.details/horn-left/horn-left.mixed.d.ts", "TypeScript", 0, 0, 0, 3, 0, 0, 0, 0, 0, 1, 0, 4
"/mnt/Dev/Code/javascript/front-ends/drawings/drawings/lib/drawings/sfw/DaneroAndArcdanis/arcdanis/head/head.details/horn-left/horn-left.mixed.js", "JavaScript", 30, 0, 0, 0, 0, 0, 0, 0, 0, 15, 0, 45
"/mnt/Dev/Code/javascript/front-ends/drawings/drawings/lib/drawings/sfw/DaneroAndArcdanis/arcdanis/head/head.details/horn-left/index.d.ts", "TypeScript", 0, 0, 0, 3, 0, 0, 0, 0, 0, 1, 0, 4
"/mnt/Dev/Code/javascript/front-ends/drawings/drawings/lib/drawings/sfw/DaneroAndArcdanis/arcdanis/head/head.details/horn-left/index.js", "JavaScript", 9, 0, 0, 0, 0, 0, 0, 0, 0, 1, 0, 10
"/mnt/Dev/Code/javascript/front-ends/drawings/drawings/lib/drawings/sfw/DaneroAndArcdanis/arcdanis/head/head.details/index.d.ts", "TypeScript", 0, 0, 0, 3, 0, 0, 0, 0, 0, 1, 0, 4
"/mnt/Dev/Code/javascript/front-ends/drawings/drawings/lib/drawings/sfw/DaneroAndArcdanis/arcdanis/head/head.details/index.js", "JavaScript", 13, 0, 0, 0, 0, 0, 0, 0, 0, 1, 0, 14
"/mnt/Dev/Code/javascript/front-ends/drawings/drawings/lib/drawings/sfw/DaneroAndArcdanis/arcdanis/head/head.details/tongue/index.d.ts", "TypeScript", 0, 0, 0, 3, 0, 0, 0, 0, 0, 1, 0, 4
"/mnt/Dev/Code/javascript/front-ends/drawings/drawings/lib/drawings/sfw/DaneroAndArcdanis/arcdanis/head/head.details/tongue/index.js", "JavaScript", 9, 0, 0, 0, 0, 0, 0, 0, 0, 1, 0, 10
"/mnt/Dev/Code/javascript/front-ends/drawings/drawings/lib/drawings/sfw/DaneroAndArcdanis/arcdanis/head/head.details/tongue/tongue.mixed.d.ts", "TypeScript", 0, 0, 0, 3, 0, 0, 0, 0, 0, 1, 0, 4
"/mnt/Dev/Code/javascript/front-ends/drawings/drawings/lib/drawings/sfw/DaneroAndArcdanis/arcdanis/head/head.details/tongue/tongue.mixed.js", "JavaScript", 17, 0, 0, 0, 0, 0, 0, 0, 0, 7, 0, 24
"/mnt/Dev/Code/javascript/front-ends/drawings/drawings/lib/drawings/sfw/DaneroAndArcdanis/arcdanis/head/head.lineart.d.ts", "TypeScript", 0, 0, 0, 3, 0, 0, 0, 0, 0, 1, 0, 4
"/mnt/Dev/Code/javascript/front-ends/drawings/drawings/lib/drawings/sfw/DaneroAndArcdanis/arcdanis/head/head.lineart.js", "JavaScript", 23, 0, 0, 0, 0, 0, 0, 0, 0, 11, 0, 34
"/mnt/Dev/Code/javascript/front-ends/drawings/drawings/lib/drawings/sfw/DaneroAndArcdanis/arcdanis/head/index.d.ts", "TypeScript", 0, 0, 0, 3, 0, 0, 0, 0, 0, 1, 0, 4
"/mnt/Dev/Code/javascript/front-ends/drawings/drawings/lib/drawings/sfw/DaneroAndArcdanis/arcdanis/head/index.js", "JavaScript", 11, 0, 0, 0, 0, 0, 0, 0, 0, 1, 0, 12
"/mnt/Dev/Code/javascript/front-ends/drawings/drawings/lib/drawings/sfw/DaneroAndArcdanis/arcdanis/index.d.ts", "TypeScript", 0, 0, 0, 3, 0, 0, 0, 0, 0, 1, 0, 4
"/mnt/Dev/Code/javascript/front-ends/drawings/drawings/lib/drawings/sfw/DaneroAndArcdanis/arcdanis/index.js", "JavaScript", 9, 0, 0, 0, 0, 0, 0, 0, 0, 1, 0, 10
"/mnt/Dev/Code/javascript/front-ends/drawings/drawings/lib/drawings/sfw/DaneroAndArcdanis/danero/head/head.details/beard/beard.details/index.d.ts", "TypeScript", 0, 0, 0, 3, 0, 0, 0, 0, 0, 1, 0, 4
"/mnt/Dev/Code/javascript/front-ends/drawings/drawings/lib/drawings/sfw/DaneroAndArcdanis/danero/head/head.details/beard/beard.details/index.js", "JavaScript", 9, 0, 0, 0, 0, 0, 0, 0, 0, 1, 0, 10
"/mnt/Dev/Code/javascript/front-ends/drawings/drawings/lib/drawings/sfw/DaneroAndArcdanis/danero/head/head.details/beard/beard.details/ring/index.d.ts", "TypeScript", 0, 0, 0, 3, 0, 0, 0, 0, 0, 1, 0, 4
"/mnt/Dev/Code/javascript/front-ends/drawings/drawings/lib/drawings/sfw/DaneroAndArcdanis/danero/head/head.details/beard/beard.details/ring/index.js", "JavaScript", 9, 0, 0, 0, 0, 0, 0, 0, 0, 1, 0, 10
"/mnt/Dev/Code/javascript/front-ends/drawings/drawings/lib/drawings/sfw/DaneroAndArcdanis/danero/head/head.details/beard/beard.details/ring/ring.mixed.d.ts", "TypeScript", 0, 0, 0, 3, 0, 0, 0, 0, 0, 1, 0, 4
"/mnt/Dev/Code/javascript/front-ends/drawings/drawings/lib/drawings/sfw/DaneroAndArcdanis/danero/head/head.details/beard/beard.details/ring/ring.mixed.js", "JavaScript", 18, 0, 0, 0, 0, 0, 0, 0, 0, 7, 0, 25
"/mnt/Dev/Code/javascript/front-ends/drawings/drawings/lib/drawings/sfw/DaneroAndArcdanis/danero/head/head.details/beard/beard.fill.d.ts", "TypeScript", 0, 0, 0, 3, 0, 0, 0, 0, 0, 1, 0, 4
"/mnt/Dev/Code/javascript/front-ends/drawings/drawings/lib/drawings/sfw/DaneroAndArcdanis/danero/head/head.details/beard/beard.fill.js", "JavaScript", 94, 0, 0, 0, 0, 0, 0, 0, 0, 9, 0, 103
"/mnt/Dev/Code/javascript/front-ends/drawings/drawings/lib/drawings/sfw/DaneroAndArcdanis/danero/head/head.details/beard/beard.lineart.d.ts", "TypeScript", 0, 0, 0, 3, 0, 0, 0, 0, 0, 1, 0, 4
"/mnt/Dev/Code/javascript/front-ends/drawings/drawings/lib/drawings/sfw/DaneroAndArcdanis/danero/head/head.details/beard/beard.lineart.js", "JavaScript", 59, 0, 0, 0, 0, 0, 0, 0, 0, 3, 0, 62
"/mnt/Dev/Code/javascript/front-ends/drawings/drawings/lib/drawings/sfw/DaneroAndArcdanis/danero/head/head.details/beard/beard.mixed.d.ts", "TypeScript", 0, 0, 0, 3, 0, 0, 0, 0, 0, 1, 0, 4
"/mnt/Dev/Code/javascript/front-ends/drawings/drawings/lib/drawings/sfw/DaneroAndArcdanis/danero/head/head.details/beard/beard.mixed.js", "JavaScript", 74, 0, 0, 0, 0, 0, 0, 0, 0, 20, 0, 94
"/mnt/Dev/Code/javascript/front-ends/drawings/drawings/lib/drawings/sfw/DaneroAndArcdanis/danero/head/head.details/beard/index.d.ts", "TypeScript", 0, 0, 0, 3, 0, 0, 0, 0, 0, 1, 0, 4
"/mnt/Dev/Code/javascript/front-ends/drawings/drawings/lib/drawings/sfw/DaneroAndArcdanis/danero/head/head.details/beard/index.js", "JavaScript", 15, 0, 0, 0, 0, 0, 0, 0, 0, 1, 0, 16
"/mnt/Dev/Code/javascript/front-ends/drawings/drawings/lib/drawings/sfw/DaneroAndArcdanis/danero/head/head.details/ears/ears.details/ears-piercings.mixed.d.ts", "TypeScript", 0, 0, 0, 3, 0, 0, 0, 0, 0, 1, 0, 4
"/mnt/Dev/Code/javascript/front-ends/drawings/drawings/lib/drawings/sfw/DaneroAndArcdanis/danero/head/head.details/ears/ears.details/ears-piercings.mixed.js", "JavaScript", 115, 0, 0, 0, 0, 0, 0, 0, 0, 15, 0, 130
"/mnt/Dev/Code/javascript/front-ends/drawings/drawings/lib/drawings/sfw/DaneroAndArcdanis/danero/head/head.details/ears/ears.details/index.d.ts", "TypeScript", 0, 0, 0, 3, 0, 0, 0, 0, 0, 1, 0, 4
"/mnt/Dev/Code/javascript/front-ends/drawings/drawings/lib/drawings/sfw/DaneroAndArcdanis/danero/head/head.details/ears/ears.details/index.js", "JavaScript", 9, 0, 0, 0, 0, 0, 0, 0, 0, 1, 0, 10
"/mnt/Dev/Code/javascript/front-ends/drawings/drawings/lib/drawings/sfw/DaneroAndArcdanis/danero/head/head.details/ears/ears.fill.d.ts", "TypeScript", 0, 0, 0, 3, 0, 0, 0, 0, 0, 1, 0, 4
"/mnt/Dev/Code/javascript/front-ends/drawings/drawings/lib/drawings/sfw/DaneroAndArcdanis/danero/head/head.details/ears/ears.fill.js", "JavaScript", 14, 0, 0, 0, 0, 0, 0, 0, 0, 6, 0, 20
"/mnt/Dev/Code/javascript/front-ends/drawings/drawings/lib/drawings/sfw/DaneroAndArcdanis/danero/head/head.details/ears/ears.lineart.d.ts", "TypeScript", 0, 0, 0, 3, 0, 0, 0, 0, 0, 1, 0, 4
"/mnt/Dev/Code/javascript/front-ends/drawings/drawings/lib/drawings/sfw/DaneroAndArcdanis/danero/head/head.details/ears/ears.lineart.js", "JavaScript", 14, 0, 0, 0, 0, 0, 0, 0, 0, 6, 0, 20
"/mnt/Dev/Code/javascript/front-ends/drawings/drawings/lib/drawings/sfw/DaneroAndArcdanis/danero/head/head.details/ears/ears.mixed.d.ts", "TypeScript", 0, 0, 0, 3, 0, 0, 0, 0, 0, 1, 0, 4
"/mnt/Dev/Code/javascript/front-ends/drawings/drawings/lib/drawings/sfw/DaneroAndArcdanis/danero/head/head.details/ears/ears.mixed.js", "JavaScript", 15, 0, 0, 0, 0, 0, 0, 0, 0, 4, 0, 19
"/mnt/Dev/Code/javascript/front-ends/drawings/drawings/lib/drawings/sfw/DaneroAndArcdanis/danero/head/head.details/ears/index.d.ts", "TypeScript", 0, 0, 0, 3, 0, 0, 0, 0, 0, 1, 0, 4
"/mnt/Dev/Code/javascript/front-ends/drawings/drawings/lib/drawings/sfw/DaneroAndArcdanis/danero/head/head.details/ears/index.js", "JavaScript", 15, 0, 0, 0, 0, 0, 0, 0, 0, 1, 0, 16
"/mnt/Dev/Code/javascript/front-ends/drawings/drawings/lib/drawings/sfw/DaneroAndArcdanis/danero/head/head.details/eyes/eyes.fill.d.ts", "TypeScript", 0, 0, 0, 3, 0, 0, 0, 0, 0, 1, 0, 4
"/mnt/Dev/Code/javascript/front-ends/drawings/drawings/lib/drawings/sfw/DaneroAndArcdanis/danero/head/head.details/eyes/eyes.fill.js", "JavaScript", 37, 0, 0, 0, 0, 0, 0, 0, 0, 6, 0, 43
"/mnt/Dev/Code/javascript/front-ends/drawings/drawings/lib/drawings/sfw/DaneroAndArcdanis/danero/head/head.details/eyes/eyes.lineart.d.ts", "TypeScript", 0, 0, 0, 3, 0, 0, 0, 0, 0, 1, 0, 4
"/mnt/Dev/Code/javascript/front-ends/drawings/drawings/lib/drawings/sfw/DaneroAndArcdanis/danero/head/head.details/eyes/eyes.lineart.js", "JavaScript", 39, 0, 0, 0, 0, 0, 0, 0, 0, 1, 0, 40
"/mnt/Dev/Code/javascript/front-ends/drawings/drawings/lib/drawings/sfw/DaneroAndArcdanis/danero/head/head.details/eyes/index.d.ts", "TypeScript", 0, 0, 0, 3, 0, 0, 0, 0, 0, 1, 0, 4
"/mnt/Dev/Code/javascript/front-ends/drawings/drawings/lib/drawings/sfw/DaneroAndArcdanis/danero/head/head.details/eyes/index.js", "JavaScript", 11, 0, 0, 0, 0, 0, 0, 0, 0, 1, 0, 12
"/mnt/Dev/Code/javascript/front-ends/drawings/drawings/lib/drawings/sfw/DaneroAndArcdanis/danero/head/head.details/horn-left/horn-left.fill.d.ts", "TypeScript", 0, 0, 0, 3, 0, 0, 0, 0, 0, 1, 0, 4
"/mnt/Dev/Code/javascript/front-ends/drawings/drawings/lib/drawings/sfw/DaneroAndArcdanis/danero/head/head.details/horn-left/horn-left.fill.js", "JavaScript", 137, 0, 0, 0, 0, 0, 0, 0, 0, 57, 0, 194
"/mnt/Dev/Code/javascript/front-ends/drawings/drawings/lib/drawings/sfw/DaneroAndArcdanis/danero/head/head.details/horn-left/horn-left.lineart.d.ts", "TypeScript", 0, 0, 0, 3, 0, 0, 0, 0, 0, 1, 0, 4
"/mnt/Dev/Code/javascript/front-ends/drawings/drawings/lib/drawings/sfw/DaneroAndArcdanis/danero/head/head.details/horn-left/horn-left.lineart.js", "JavaScript", 125, 0, 0, 0, 0, 0, 0, 0, 0, 52, 0, 177
"/mnt/Dev/Code/javascript/front-ends/drawings/drawings/lib/drawings/sfw/DaneroAndArcdanis/danero/head/head.details/horn-left/index.d.ts", "TypeScript", 0, 0, 0, 3, 0, 0, 0, 0, 0, 1, 0, 4
"/mnt/Dev/Code/javascript/front-ends/drawings/drawings/lib/drawings/sfw/DaneroAndArcdanis/danero/head/head.details/horn-left/index.js", "JavaScript", 11, 0, 0, 0, 0, 0, 0, 0, 0, 1, 0, 12
"/mnt/Dev/Code/javascript/front-ends/drawings/drawings/lib/drawings/sfw/DaneroAndArcdanis/danero/head/head.details/horn-right/horn-right.fill.d.ts", "TypeScript", 0, 0, 0, 3, 0, 0, 0, 0, 0, 1, 0, 4
"/mnt/Dev/Code/javascript/front-ends/drawings/drawings/lib/drawings/sfw/DaneroAndArcdanis/danero/head/head.details/horn-right/horn-right.fill.js", "JavaScript", 159, 0, 0, 0, 0, 0, 0, 0, 0, 58, 0, 217
"/mnt/Dev/Code/javascript/front-ends/drawings/drawings/lib/drawings/sfw/DaneroAndArcdanis/danero/head/head.details/horn-right/horn-right.lineart.d.ts", "TypeScript", 0, 0, 0, 3, 0, 0, 0, 0, 0, 1, 0, 4
"/mnt/Dev/Code/javascript/front-ends/drawings/drawings/lib/drawings/sfw/DaneroAndArcdanis/danero/head/head.details/horn-right/horn-right.lineart.js", "JavaScript", 144, 0, 0, 0, 0, 0, 0, 0, 0, 58, 0, 202
"/mnt/Dev/Code/javascript/front-ends/drawings/drawings/lib/drawings/sfw/DaneroAndArcdanis/danero/head/head.details/horn-right/index.d.ts", "TypeScript", 0, 0, 0, 3, 0, 0, 0, 0, 0, 1, 0, 4
"/mnt/Dev/Code/javascript/front-ends/drawings/drawings/lib/drawings/sfw/DaneroAndArcdanis/danero/head/head.details/horn-right/index.js", "JavaScript", 11, 0, 0, 0, 0, 0, 0, 0, 0, 1, 0, 12
"/mnt/Dev/Code/javascript/front-ends/drawings/drawings/lib/drawings/sfw/DaneroAndArcdanis/danero/head/head.details/index.d.ts", "TypeScript", 0, 0, 0, 3, 0, 0, 0, 0, 0, 1, 0, 4
"/mnt/Dev/Code/javascript/front-ends/drawings/drawings/lib/drawings/sfw/DaneroAndArcdanis/danero/head/head.details/index.js", "JavaScript", 27, 0, 0, 0, 0, 0, 0, 0, 0, 1, 0, 28
"/mnt/Dev/Code/javascript/front-ends/drawings/drawings/lib/drawings/sfw/DaneroAndArcdanis/danero/head/head.details/nose/index.d.ts", "TypeScript", 0, 0, 0, 3, 0, 0, 0, 0, 0, 1, 0, 4
"/mnt/Dev/Code/javascript/front-ends/drawings/drawings/lib/drawings/sfw/DaneroAndArcdanis/danero/head/head.details/nose/index.js", "JavaScript", 11, 0, 0, 0, 0, 0, 0, 0, 0, 1, 0, 12
"/mnt/Dev/Code/javascript/front-ends/drawings/drawings/lib/drawings/sfw/DaneroAndArcdanis/danero/head/head.details/nose/nose.details/index.d.ts", "TypeScript", 0, 0, 0, 3, 0, 0, 0, 0, 0, 1, 0, 4
"/mnt/Dev/Code/javascript/front-ends/drawings/drawings/lib/drawings/sfw/DaneroAndArcdanis/danero/head/head.details/nose/nose.details/index.js", "JavaScript", 9, 0, 0, 0, 0, 0, 0, 0, 0, 1, 0, 10
"/mnt/Dev/Code/javascript/front-ends/drawings/drawings/lib/drawings/sfw/DaneroAndArcdanis/danero/head/head.details/nose/nose.details/ring/index.d.ts", "TypeScript", 0, 0, 0, 3, 0, 0, 0, 0, 0, 1, 0, 4
"/mnt/Dev/Code/javascript/front-ends/drawings/drawings/lib/drawings/sfw/DaneroAndArcdanis/danero/head/head.details/nose/nose.details/ring/index.js", "JavaScript", 9, 0, 0, 0, 0, 0, 0, 0, 0, 1, 0, 10
"/mnt/Dev/Code/javascript/front-ends/drawings/drawings/lib/drawings/sfw/DaneroAndArcdanis/danero/head/head.details/nose/nose.details/ring/ring.mixed.d.ts", "TypeScript", 0, 0, 0, 3, 0, 0, 0, 0, 0, 1, 0, 4
"/mnt/Dev/Code/javascript/front-ends/drawings/drawings/lib/drawings/sfw/DaneroAndArcdanis/danero/head/head.details/nose/nose.details/ring/ring.mixed.js", "JavaScript", 27, 0, 0, 0, 0, 0, 0, 0, 0, 6, 0, 33
"/mnt/Dev/Code/javascript/front-ends/drawings/drawings/lib/drawings/sfw/DaneroAndArcdanis/danero/head/head.details/nose/nose.lineart.d.ts", "TypeScript", 0, 0, 0, 3, 0, 0, 0, 0, 0, 1, 0, 4
"/mnt/Dev/Code/javascript/front-ends/drawings/drawings/lib/drawings/sfw/DaneroAndArcdanis/danero/head/head.details/nose/nose.lineart.js", "JavaScript", 14, 0, 0, 0, 0, 0, 0, 0, 0, 1, 0, 15
"/mnt/Dev/Code/javascript/front-ends/drawings/drawings/lib/drawings/sfw/DaneroAndArcdanis/danero/head/head.details/piercings/index.d.ts", "TypeScript", 0, 0, 0, 3, 0, 0, 0, 0, 0, 1, 0, 4
"/mnt/Dev/Code/javascript/front-ends/drawings/drawings/lib/drawings/sfw/DaneroAndArcdanis/danero/head/head.details/piercings/index.js", "JavaScript", 9, 0, 0, 0, 0, 0, 0, 0, 0, 1, 0, 10
"/mnt/Dev/Code/javascript/front-ends/drawings/drawings/lib/drawings/sfw/DaneroAndArcdanis/danero/head/head.details/piercings/piercings.mixed.d.ts", "TypeScript", 0, 0, 0, 3, 0, 0, 0, 0, 0, 1, 0, 4
"/mnt/Dev/Code/javascript/front-ends/drawings/drawings/lib/drawings/sfw/DaneroAndArcdanis/danero/head/head.details/piercings/piercings.mixed.js", "JavaScript", 22, 0, 0, 0, 0, 0, 0, 0, 0, 5, 0, 27
"/mnt/Dev/Code/javascript/front-ends/drawings/drawings/lib/drawings/sfw/DaneroAndArcdanis/danero/head/head.details/scratches/index.d.ts", "TypeScript", 0, 0, 0, 3, 0, 0, 0, 0, 0, 1, 0, 4
"/mnt/Dev/Code/javascript/front-ends/drawings/drawings/lib/drawings/sfw/DaneroAndArcdanis/danero/head/head.details/scratches/index.js", "JavaScript", 9, 0, 0, 0, 0, 0, 0, 0, 0, 1, 0, 10
"/mnt/Dev/Code/javascript/front-ends/drawings/drawings/lib/drawings/sfw/DaneroAndArcdanis/danero/head/head.details/scratches/scratches.mixed.d.ts", "TypeScript", 0, 0, 0, 3, 0, 0, 0, 0, 0, 1, 0, 4
"/mnt/Dev/Code/javascript/front-ends/drawings/drawings/lib/drawings/sfw/DaneroAndArcdanis/danero/head/head.details/scratches/scratches.mixed.js", "JavaScript", 14, 0, 0, 0, 0, 0, 0, 0, 0, 1, 0, 15
"/mnt/Dev/Code/javascript/front-ends/drawings/drawings/lib/drawings/sfw/DaneroAndArcdanis/danero/head/head.details/spikes/index.d.ts", "TypeScript", 0, 0, 0, 3, 0, 0, 0, 0, 0, 1, 0, 4
"/mnt/Dev/Code/javascript/front-ends/drawings/drawings/lib/drawings/sfw/DaneroAndArcdanis/danero/head/head.details/spikes/index.js", "JavaScript", 13, 0, 0, 0, 0, 0, 0, 0, 0, 1, 0, 14
"/mnt/Dev/Code/javascript/front-ends/drawings/drawings/lib/drawings/sfw/DaneroAndArcdanis/danero/head/head.details/spikes/spikes.fill.d.ts", "TypeScript", 0, 0, 0, 3, 0, 0, 0, 0, 0, 1, 0, 4
"/mnt/Dev/Code/javascript/front-ends/drawings/drawings/lib/drawings/sfw/DaneroAndArcdanis/danero/head/head.details/spikes/spikes.fill.js", "JavaScript", 14, 0, 0, 0, 0, 0, 0, 0, 0, 4, 0, 18
"/mnt/Dev/Code/javascript/front-ends/drawings/drawings/lib/drawings/sfw/DaneroAndArcdanis/danero/head/head.details/spikes/spikes.lineart.d.ts", "TypeScript", 0, 0, 0, 3, 0, 0, 0, 0, 0, 1, 0, 4
"/mnt/Dev/Code/javascript/front-ends/drawings/drawings/lib/drawings/sfw/DaneroAndArcdanis/danero/head/head.details/spikes/spikes.lineart.js", "JavaScript", 13, 0, 0, 0, 0, 0, 0, 0, 0, 4, 0, 17
"/mnt/Dev/Code/javascript/front-ends/drawings/drawings/lib/drawings/sfw/DaneroAndArcdanis/danero/head/head.details/spikes/spikes.mixed.d.ts", "TypeScript", 0, 0, 0, 3, 0, 0, 0, 0, 0, 1, 0, 4
"/mnt/Dev/Code/javascript/front-ends/drawings/drawings/lib/drawings/sfw/DaneroAndArcdanis/danero/head/head.details/spikes/spikes.mixed.js", "JavaScript", 77, 0, 0, 0, 0, 0, 0, 0, 0, 47, 0, 124
"/mnt/Dev/Code/javascript/front-ends/drawings/drawings/lib/drawings/sfw/DaneroAndArcdanis/danero/head/head.details/whiskers/index.d.ts", "TypeScript", 0, 0, 0, 3, 0, 0, 0, 0, 0, 1, 0, 4
"/mnt/Dev/Code/javascript/front-ends/drawings/drawings/lib/drawings/sfw/DaneroAndArcdanis/danero/head/head.details/whiskers/index.js", "JavaScript", 11, 0, 0, 0, 0, 0, 0, 0, 0, 1, 0, 12
"/mnt/Dev/Code/javascript/front-ends/drawings/drawings/lib/drawings/sfw/DaneroAndArcdanis/danero/head/head.details/whiskers/whiskers.lineart.d.ts", "TypeScript", 0, 0, 0, 3, 0, 0, 0, 0, 0, 1, 0, 4
"/mnt/Dev/Code/javascript/front-ends/drawings/drawings/lib/drawings/sfw/DaneroAndArcdanis/danero/head/head.details/whiskers/whiskers.lineart.js", "JavaScript", 20, 0, 0, 0, 0, 0, 0, 0, 0, 7, 0, 27
"/mnt/Dev/Code/javascript/front-ends/drawings/drawings/lib/drawings/sfw/DaneroAndArcdanis/danero/head/head.details/whiskers/whiskers.mixed.d.ts", "TypeScript", 0, 0, 0, 3, 0, 0, 0, 0, 0, 1, 0, 4
"/mnt/Dev/Code/javascript/front-ends/drawings/drawings/lib/drawings/sfw/DaneroAndArcdanis/danero/head/head.details/whiskers/whiskers.mixed.js", "JavaScript", 50, 0, 0, 0, 0, 0, 0, 0, 0, 7, 0, 57
"/mnt/Dev/Code/javascript/front-ends/drawings/drawings/lib/drawings/sfw/DaneroAndArcdanis/danero/head/head.fill.d.ts", "TypeScript", 0, 0, 0, 3, 0, 0, 0, 0, 0, 1, 0, 4
"/mnt/Dev/Code/javascript/front-ends/drawings/drawings/lib/drawings/sfw/DaneroAndArcdanis/danero/head/head.fill.js", "JavaScript", 23, 0, 0, 0, 0, 0, 0, 0, 0, 10, 0, 33
"/mnt/Dev/Code/javascript/front-ends/drawings/drawings/lib/drawings/sfw/DaneroAndArcdanis/danero/head/head.lineart.d.ts", "TypeScript", 0, 0, 0, 3, 0, 0, 0, 0, 0, 1, 0, 4
"/mnt/Dev/Code/javascript/front-ends/drawings/drawings/lib/drawings/sfw/DaneroAndArcdanis/danero/head/head.lineart.js", "JavaScript", 24, 0, 0, 0, 0, 0, 0, 0, 0, 11, 0, 35
"/mnt/Dev/Code/javascript/front-ends/drawings/drawings/lib/drawings/sfw/DaneroAndArcdanis/danero/head/index.d.ts", "TypeScript", 0, 0, 0, 3, 0, 0, 0, 0, 0, 1, 0, 4
"/mnt/Dev/Code/javascript/front-ends/drawings/drawings/lib/drawings/sfw/DaneroAndArcdanis/danero/head/index.js", "JavaScript", 13, 0, 0, 0, 0, 0, 0, 0, 0, 1, 0, 14
"/mnt/Dev/Code/javascript/front-ends/drawings/drawings/lib/drawings/sfw/DaneroAndArcdanis/danero/index.d.ts", "TypeScript", 0, 0, 0, 3, 0, 0, 0, 0, 0, 1, 0, 4
"/mnt/Dev/Code/javascript/front-ends/drawings/drawings/lib/drawings/sfw/DaneroAndArcdanis/danero/index.js", "JavaScript", 9, 0, 0, 0, 0, 0, 0, 0, 0, 1, 0, 10
"/mnt/Dev/Code/javascript/front-ends/drawings/drawings/lib/drawings/sfw/DaneroAndArcdanis/data.d.ts", "TypeScript", 0, 0, 0, 141, 0, 0, 0, 0, 0, 1, 0, 142
"/mnt/Dev/Code/javascript/front-ends/drawings/drawings/lib/drawings/sfw/DaneroAndArcdanis/data.js", "JavaScript", 6, 0, 0, 0, 0, 0, 0, 0, 0, 1, 0, 7
"/mnt/Dev/Code/javascript/front-ends/drawings/drawings/lib/drawings/sfw/DaneroAndArcdanis/index.d.ts", "TypeScript", 0, 0, 0, 141, 0, 0, 0, 0, 0, 1, 0, 142
"/mnt/Dev/Code/javascript/front-ends/drawings/drawings/lib/drawings/sfw/DaneroAndArcdanis/index.js", "JavaScript", 30, 0, 0, 0, 0, 0, 0, 0, 0, 1, 0, 31
"/mnt/Dev/Code/javascript/front-ends/drawings/drawings/lib/drawings/sfw/DaneroAndArcdanis/palette.d.ts", "TypeScript", 0, 0, 0, 30, 0, 0, 0, 0, 0, 1, 0, 31
"/mnt/Dev/Code/javascript/front-ends/drawings/drawings/lib/drawings/sfw/DaneroAndArcdanis/palette.js", "JavaScript", 33, 0, 0, 0, 0, 0, 0, 0, 0, 1, 0, 34
"/mnt/Dev/Code/javascript/front-ends/drawings/drawings/lib/drawings/sfw/DaneroAndArcdanis/zIndexes.d.ts", "TypeScript", 0, 0, 0, 108, 0, 0, 0, 0, 0, 1, 0, 109
"/mnt/Dev/Code/javascript/front-ends/drawings/drawings/lib/drawings/sfw/DaneroAndArcdanis/zIndexes.js", "JavaScript", 111, 0, 0, 0, 0, 0, 0, 0, 0, 1, 0, 112
"/mnt/Dev/Code/javascript/front-ends/drawings/drawings/lib/utils.d.ts", "TypeScript", 0, 0, 0, 1, 0, 0, 0, 0, 0, 1, 0, 2
"/mnt/Dev/Code/javascript/front-ends/drawings/drawings/lib/utils.js", "JavaScript", 9, 0, 0, 0, 0, 0, 0, 0, 0, 2, 0, 11
"/mnt/Dev/Code/javascript/front-ends/drawings/drawings/package.json", "JSON", 0, 0, 27, 0, 0, 0, 0, 0, 0, 0, 1, 28
"/mnt/Dev/Code/javascript/front-ends/drawings/drawings/pnpm-lock.yaml", "YAML", 0, 0, 0, 0, 0, 0, 0, 0, 4887, 0, 753, 5640
"/mnt/Dev/Code/javascript/front-ends/drawings/drawings/src/drawings/sfw/DaneroAndArcdanis/arcdanis/head/head.details/ears/ears.lineart.ts", "TypeScript", 0, 0, 0, 21, 0, 0, 0, 0, 0, 8, 6, 35
"/mnt/Dev/Code/javascript/front-ends/drawings/drawings/src/drawings/sfw/DaneroAndArcdanis/arcdanis/head/head.details/ears/index.ts", "TypeScript", 0, 0, 0, 7, 0, 0, 0, 0, 0, 0, 3, 10
"/mnt/Dev/Code/javascript/front-ends/drawings/drawings/src/drawings/sfw/DaneroAndArcdanis/arcdanis/head/head.details/horn-left/horn-left.mixed.ts", "TypeScript", 0, 0, 0, 28, 0, 0, 0, 0, 0, 14, 9, 51
"/mnt/Dev/Code/javascript/front-ends/drawings/drawings/src/drawings/sfw/DaneroAndArcdanis/arcdanis/head/head.details/horn-left/index.ts", "TypeScript", 0, 0, 0, 7, 0, 0, 0, 0, 0, 0, 3, 10
"/mnt/Dev/Code/javascript/front-ends/drawings/drawings/src/drawings/sfw/DaneroAndArcdanis/arcdanis/head/head.details/index.ts", "TypeScript", 0, 0, 0, 12, 0, 0, 0, 0, 0, 0, 4, 16
"/mnt/Dev/Code/javascript/front-ends/drawings/drawings/src/drawings/sfw/DaneroAndArcdanis/arcdanis/head/head.details/tongue/index.ts", "TypeScript", 0, 0, 0, 7, 0, 0, 0, 0, 0, 0, 3, 10
"/mnt/Dev/Code/javascript/front-ends/drawings/drawings/src/drawings/sfw/DaneroAndArcdanis/arcdanis/head/head.details/tongue/tongue.mixed.ts", "TypeScript", 0, 0, 0, 15, 0, 0, 0, 0, 0, 6, 4, 25
"/mnt/Dev/Code/javascript/front-ends/drawings/drawings/src/drawings/sfw/DaneroAndArcdanis/arcdanis/head/head.lineart.ts", "TypeScript", 0, 0, 0, 21, 0, 0, 0, 0, 0, 10, 4, 35
"/mnt/Dev/Code/javascript/front-ends/drawings/drawings/src/drawings/sfw/DaneroAndArcdanis/arcdanis/head/index.ts", "TypeScript", 0, 0, 0, 9, 0, 0, 0, 0, 0, 0, 3, 12
"/mnt/Dev/Code/javascript/front-ends/drawings/drawings/src/drawings/sfw/DaneroAndArcdanis/arcdanis/index.ts", "TypeScript", 0, 0, 0, 7, 0, 0, 0, 0, 0, 0, 3, 10
"/mnt/Dev/Code/javascript/front-ends/drawings/drawings/src/drawings/sfw/DaneroAndArcdanis/danero/head/head.details/beard/beard.details/index.ts", "TypeScript", 0, 0, 0, 7, 0, 0, 0, 0, 0, 0, 3, 10
"/mnt/Dev/Code/javascript/front-ends/drawings/drawings/src/drawings/sfw/DaneroAndArcdanis/danero/head/head.details/beard/beard.details/ring/index.ts", "TypeScript", 0, 0, 0, 7, 0, 0, 0, 0, 0, 0, 3, 10
"/mnt/Dev/Code/javascript/front-ends/drawings/drawings/src/drawings/sfw/DaneroAndArcdanis/danero/head/head.details/beard/beard.details/ring/ring.mixed.ts", "TypeScript", 0, 0, 0, 16, 0, 0, 0, 0, 0, 6, 4, 26
"/mnt/Dev/Code/javascript/front-ends/drawings/drawings/src/drawings/sfw/DaneroAndArcdanis/danero/head/head.details/beard/beard.fill.ts", "TypeScript", 0, 0, 0, 92, 0, 0, 0, 0, 0, 8, 30, 130
"/mnt/Dev/Code/javascript/front-ends/drawings/drawings/src/drawings/sfw/DaneroAndArcdanis/danero/head/head.details/beard/beard.lineart.ts", "TypeScript", 0, 0, 0, 57, 0, 0, 0, 0, 0, 2, 24, 83
"/mnt/Dev/Code/javascript/front-ends/drawings/drawings/src/drawings/sfw/DaneroAndArcdanis/danero/head/head.details/beard/beard.mixed.ts", "TypeScript", 0, 0, 0, 72, 0, 0, 0, 0, 0, 19, 15, 106
"/mnt/Dev/Code/javascript/front-ends/drawings/drawings/src/drawings/sfw/DaneroAndArcdanis/danero/head/head.details/beard/index.ts", "TypeScript", 0, 0, 0, 13, 0, 0, 0, 0, 0, 0, 3, 16
"/mnt/Dev/Code/javascript/front-ends/drawings/drawings/src/drawings/sfw/DaneroAndArcdanis/danero/head/head.details/ears/ears.details/ears-piercings.mixed.ts", "TypeScript", 0, 0, 0, 113, 0, 0, 0, 0, 0, 14, 25, 152
"/mnt/Dev/Code/javascript/front-ends/drawings/drawings/src/drawings/sfw/DaneroAndArcdanis/danero/head/head.details/ears/ears.details/index.ts", "TypeScript", 0, 0, 0, 7, 0, 0, 0, 0, 0, 0, 3, 10
"/mnt/Dev/Code/javascript/front-ends/drawings/drawings/src/drawings/sfw/DaneroAndArcdanis/danero/head/head.details/ears/ears.fill.ts", "TypeScript", 0, 0, 0, 12, 0, 0, 0, 0, 0, 5, 4, 21
"/mnt/Dev/Code/javascript/front-ends/drawings/drawings/src/drawings/sfw/DaneroAndArcdanis/danero/head/head.details/ears/ears.lineart.ts", "TypeScript", 0, 0, 0, 12, 0, 0, 0, 0, 0, 5, 4, 21
"/mnt/Dev/Code/javascript/front-ends/drawings/drawings/src/drawings/sfw/DaneroAndArcdanis/danero/head/head.details/ears/ears.mixed.ts", "TypeScript", 0, 0, 0, 13, 0, 0, 0, 0, 0, 3, 4, 20
"/mnt/Dev/Code/javascript/front-ends/drawings/drawings/src/drawings/sfw/DaneroAndArcdanis/danero/head/head.details/ears/index.ts", "TypeScript", 0, 0, 0, 13, 0, 0, 0, 0, 0, 0, 3, 16
"/mnt/Dev/Code/javascript/front-ends/drawings/drawings/src/drawings/sfw/DaneroAndArcdanis/danero/head/head.details/eyes/eyes.fill.ts", "TypeScript", 0, 0, 0, 35, 0, 0, 0, 0, 0, 5, 10, 50
"/mnt/Dev/Code/javascript/front-ends/drawings/drawings/src/drawings/sfw/DaneroAndArcdanis/danero/head/head.details/eyes/eyes.lineart.ts", "TypeScript", 0, 0, 0, 37, 0, 0, 0, 0, 0, 0, 12, 49
"/mnt/Dev/Code/javascript/front-ends/drawings/drawings/src/drawings/sfw/DaneroAndArcdanis/danero/head/head.details/eyes/index.ts", "TypeScript", 0, 0, 0, 9, 0, 0, 0, 0, 0, 0, 3, 12
"/mnt/Dev/Code/javascript/front-ends/drawings/drawings/src/drawings/sfw/DaneroAndArcdanis/danero/head/head.details/horn-left/horn-left.fill.ts", "TypeScript", 0, 0, 0, 135, 0, 0, 0, 0, 0, 56, 26, 217
"/mnt/Dev/Code/javascript/front-ends/drawings/drawings/src/drawings/sfw/DaneroAndArcdanis/danero/head/head.details/horn-left/horn-left.lineart.ts", "TypeScript", 0, 0, 0, 123, 0, 0, 0, 0, 0, 51, 26, 200
"/mnt/Dev/Code/javascript/front-ends/drawings/drawings/src/drawings/sfw/DaneroAndArcdanis/danero/head/head.details/horn-left/index.ts", "TypeScript", 0, 0, 0, 9, 0, 0, 0, 0, 0, 0, 3, 12
"/mnt/Dev/Code/javascript/front-ends/drawings/drawings/src/drawings/sfw/DaneroAndArcdanis/danero/head/head.details/horn-right/horn-right.fill.ts", "TypeScript", 0, 0, 0, 157, 0, 0, 0, 0, 0, 57, 26, 240
"/mnt/Dev/Code/javascript/front-ends/drawings/drawings/src/drawings/sfw/DaneroAndArcdanis/danero/head/head.details/horn-right/horn-right.lineart.ts", "TypeScript", 0, 0, 0, 142, 0, 0, 0, 0, 0, 57, 26, 225
"/mnt/Dev/Code/javascript/front-ends/drawings/drawings/src/drawings/sfw/DaneroAndArcdanis/danero/head/head.details/horn-right/index.ts", "TypeScript", 0, 0, 0, 9, 0, 0, 0, 0, 0, 0, 3, 12
"/mnt/Dev/Code/javascript/front-ends/drawings/drawings/src/drawings/sfw/DaneroAndArcdanis/danero/head/head.details/index.ts", "TypeScript", 0, 0, 0, 25, 0, 0, 0, 0, 0, 0, 3, 28
"/mnt/Dev/Code/javascript/front-ends/drawings/drawings/src/drawings/sfw/DaneroAndArcdanis/danero/head/head.details/nose/index.ts", "TypeScript", 0, 0, 0, 9, 0, 0, 0, 0, 0, 0, 3, 12
"/mnt/Dev/Code/javascript/front-ends/drawings/drawings/src/drawings/sfw/DaneroAndArcdanis/danero/head/head.details/nose/nose.details/index.ts", "TypeScript", 0, 0, 0, 7, 0, 0, 0, 0, 0, 0, 3, 10
"/mnt/Dev/Code/javascript/front-ends/drawings/drawings/src/drawings/sfw/DaneroAndArcdanis/danero/head/head.details/nose/nose.details/ring/index.ts", "TypeScript", 0, 0, 0, 7, 0, 0, 0, 0, 0, 0, 3, 10
"/mnt/Dev/Code/javascript/front-ends/drawings/drawings/src/drawings/sfw/DaneroAndArcdanis/danero/head/head.details/nose/nose.details/ring/ring.mixed.ts", "TypeScript", 0, 0, 0, 25, 0, 0, 0, 0, 0, 5, 4, 34
"/mnt/Dev/Code/javascript/front-ends/drawings/drawings/src/drawings/sfw/DaneroAndArcdanis/danero/head/head.details/nose/nose.lineart.ts", "TypeScript", 0, 0, 0, 12, 0, 0, 0, 0, 0, 0, 4, 16
"/mnt/Dev/Code/javascript/front-ends/drawings/drawings/src/drawings/sfw/DaneroAndArcdanis/danero/head/head.details/piercings/index.ts", "TypeScript", 0, 0, 0, 7, 0, 0, 0, 0, 0, 0, 3, 10
"/mnt/Dev/Code/javascript/front-ends/drawings/drawings/src/drawings/sfw/DaneroAndArcdanis/danero/head/head.details/piercings/piercings.mixed.ts", "TypeScript", 0, 0, 0, 20, 0, 0, 0, 0, 0, 4, 6, 30
"/mnt/Dev/Code/javascript/front-ends/drawings/drawings/src/drawings/sfw/DaneroAndArcdanis/danero/head/head.details/scratches/index.ts", "TypeScript", 0, 0, 0, 7, 0, 0, 0, 0, 0, 0, 3, 10
"/mnt/Dev/Code/javascript/front-ends/drawings/drawings/src/drawings/sfw/DaneroAndArcdanis/danero/head/head.details/scratches/scratches.mixed.ts", "TypeScript", 0, 0, 0, 12, 0, 0, 0, 0, 0, 0, 4, 16
"/mnt/Dev/Code/javascript/front-ends/drawings/drawings/src/drawings/sfw/DaneroAndArcdanis/danero/head/head.details/spikes/index.ts", "TypeScript", 0, 0, 0, 11, 0, 0, 0, 0, 0, 0, 3, 14
"/mnt/Dev/Code/javascript/front-ends/drawings/drawings/src/drawings/sfw/DaneroAndArcdanis/danero/head/head.details/spikes/spikes.fill.ts", "TypeScript", 0, 0, 0, 12, 0, 0, 0, 0, 0, 3, 4, 19
"/mnt/Dev/Code/javascript/front-ends/drawings/drawings/src/drawings/sfw/DaneroAndArcdanis/danero/head/head.details/spikes/spikes.lineart.ts", "TypeScript", 0, 0, 0, 11, 0, 0, 0, 0, 0, 3, 4, 18
"/mnt/Dev/Code/javascript/front-ends/drawings/drawings/src/drawings/sfw/DaneroAndArcdanis/danero/head/head.details/spikes/spikes.mixed.ts", "TypeScript", 0, 0, 0, 76, 0, 0, 0, 0, 0, 46, 22, 144
"/mnt/Dev/Code/javascript/front-ends/drawings/drawings/src/drawings/sfw/DaneroAndArcdanis/danero/head/head.details/whiskers/index.ts", "TypeScript", 0, 0, 0, 9, 0, 0, 0, 0, 0, 0, 3, 12
"/mnt/Dev/Code/javascript/front-ends/drawings/drawings/src/drawings/sfw/DaneroAndArcdanis/danero/head/head.details/whiskers/whiskers.lineart.ts", "TypeScript", 0, 0, 0, 18, 0, 0, 0, 0, 0, 6, 6, 30
"/mnt/Dev/Code/javascript/front-ends/drawings/drawings/src/drawings/sfw/DaneroAndArcdanis/danero/head/head.details/whiskers/whiskers.mixed.ts", "TypeScript", 0, 0, 0, 48, 0, 0, 0, 0, 0, 6, 21, 75
"/mnt/Dev/Code/javascript/front-ends/drawings/drawings/src/drawings/sfw/DaneroAndArcdanis/danero/head/head.fill.ts", "TypeScript", 0, 0, 0, 21, 0, 0, 0, 0, 0, 9, 4, 34
"/mnt/Dev/Code/javascript/front-ends/drawings/drawings/src/drawings/sfw/DaneroAndArcdanis/danero/head/head.lineart.ts", "TypeScript", 0, 0, 0, 22, 0, 0, 0, 0, 0, 10, 4, 36
"/mnt/Dev/Code/javascript/front-ends/drawings/drawings/src/drawings/sfw/DaneroAndArcdanis/danero/head/index.ts", "TypeScript", 0, 0, 0, 11, 0, 0, 0, 0, 0, 0, 3, 14
"/mnt/Dev/Code/javascript/front-ends/drawings/drawings/src/drawings/sfw/DaneroAndArcdanis/danero/index.ts", "TypeScript", 0, 0, 0, 7, 0, 0, 0, 0, 0, 0, 3, 10
"/mnt/Dev/Code/javascript/front-ends/drawings/drawings/src/drawings/sfw/DaneroAndArcdanis/data.ts", "TypeScript", 0, 0, 0, 4, 0, 0, 0, 0, 0, 0, 2, 6
"/mnt/Dev/Code/javascript/front-ends/drawings/drawings/src/drawings/sfw/DaneroAndArcdanis/index.ts", "TypeScript", 0, 0, 0, 26, 0, 0, 0, 0, 0, 0, 9, 35
"/mnt/Dev/Code/javascript/front-ends/drawings/drawings/src/drawings/sfw/DaneroAndArcdanis/palette.ts", "TypeScript", 0, 0, 0, 30, 0, 0, 0, 0, 0, 0, 3, 33
"/mnt/Dev/Code/javascript/front-ends/drawings/drawings/src/drawings/sfw/DaneroAndArcdanis/zIndexes.ts", "TypeScript", 0, 0, 0, 108, 0, 0, 0, 0, 0, 0, 12, 120
"/mnt/Dev/Code/javascript/front-ends/drawings/drawings/src/utils.ts", "TypeScript", 0, 0, 0, 5, 0, 0, 0, 0, 0, 1, 1, 7
"/mnt/Dev/Code/javascript/front-ends/drawings/drawings/tsconfig.json", "JSON", 0, 0, 28, 0, 0, 0, 0, 0, 0, 0, 4, 32
"/mnt/Dev/Code/javascript/front-ends/drawings/ecosystem.config.js", "JavaScript", 40, 0, 0, 0, 0, 0, 0, 0, 0, 26, 1, 67
"/mnt/Dev/Code/javascript/front-ends/drawings/electron.md", "Markdown", 0, 3, 0, 0, 0, 0, 0, 0, 0, 0, 2, 5
"/mnt/Dev/Code/javascript/front-ends/drawings/package.json", "JSON", 0, 0, 11, 0, 0, 0, 0, 0, 0, 0, 1, 12
"/mnt/Dev/Code/javascript/front-ends/drawings/react-drawer/.eslintrc.js", "JavaScript", 5, 0, 0, 0, 0, 0, 0, 0, 0, 0, 2, 7
"/mnt/Dev/Code/javascript/front-ends/drawings/react-drawer/.heft/build-cache/eslint.json", "JSON", 0, 0, 37, 0, 0, 0, 0, 0, 0, 0, 1, 38
"/mnt/Dev/Code/javascript/front-ends/drawings/react-drawer/.heft/build-cache/jest-typescript-data.json", "JSON", 0, 0, 4, 0, 0, 0, 0, 0, 0, 1, 1, 6
"/mnt/Dev/Code/javascript/front-ends/drawings/react-drawer/.heft/build-cache/lib/components/Group/Group.d.ts", "TypeScript", 0, 0, 0, 6, 0, 0, 0, 0, 0, 1, 0, 7
"/mnt/Dev/Code/javascript/front-ends/drawings/react-drawer/.heft/build-cache/lib/components/Group/Group.js", "JavaScript", 18, 0, 0, 0, 0, 0, 0, 0, 0, 1, 0, 19
"/mnt/Dev/Code/javascript/front-ends/drawings/react-drawer/.heft/build-cache/lib/components/Group/index.d.ts", "TypeScript", 0, 0, 0, 1, 0, 0, 0, 0, 0, 1, 0, 2
"/mnt/Dev/Code/javascript/front-ends/drawings/react-drawer/.heft/build-cache/lib/components/Group/index.js", "JavaScript", 13, 0, 0, 0, 0, 0, 0, 0, 0, 1, 0, 14
"/mnt/Dev/Code/javascript/front-ends/drawings/react-drawer/.heft/build-cache/lib/components/Path/Path.d.ts", "TypeScript", 0, 0, 0, 6, 0, 0, 0, 0, 0, 1, 0, 7
"/mnt/Dev/Code/javascript/front-ends/drawings/react-drawer/.heft/build-cache/lib/components/Path/Path.js", "JavaScript", 16, 0, 0, 0, 0, 0, 0, 0, 0, 1, 0, 17
"/mnt/Dev/Code/javascript/front-ends/drawings/react-drawer/.heft/build-cache/lib/components/Path/index.d.ts", "TypeScript", 0, 0, 0, 1, 0, 0, 0, 0, 0, 1, 0, 2
"/mnt/Dev/Code/javascript/front-ends/drawings/react-drawer/.heft/build-cache/lib/components/Path/index.js", "JavaScript", 13, 0, 0, 0, 0, 0, 0, 0, 0, 1, 0, 14
"/mnt/Dev/Code/javascript/front-ends/drawings/react-drawer/.heft/build-cache/lib/components/RenderElement/RenderElement.d.ts", "TypeScript", 0, 0, 0, 6, 0, 0, 0, 0, 0, 1, 0, 7
"/mnt/Dev/Code/javascript/front-ends/drawings/react-drawer/.heft/build-cache/lib/components/RenderElement/RenderElement.js", "JavaScript", 20, 0, 0, 0, 0, 0, 0, 0, 0, 1, 0, 21
"/mnt/Dev/Code/javascript/front-ends/drawings/react-drawer/.heft/build-cache/lib/components/RenderElement/index.d.ts", "TypeScript", 0, 0, 0, 1, 0, 0, 0, 0, 0, 1, 0, 2
"/mnt/Dev/Code/javascript/front-ends/drawings/react-drawer/.heft/build-cache/lib/components/RenderElement/index.js", "JavaScript", 13, 0, 0, 0, 0, 0, 0, 0, 0, 1, 0, 14
"/mnt/Dev/Code/javascript/front-ends/drawings/react-drawer/.heft/build-cache/lib/components/Svg/Svg.d.ts", "TypeScript", 0, 0, 0, 6, 0, 0, 0, 0, 0, 1, 0, 7
"/mnt/Dev/Code/javascript/front-ends/drawings/react-drawer/.heft/build-cache/lib/components/Svg/Svg.js", "JavaScript", 15, 0, 0, 0, 0, 0, 0, 0, 0, 1, 0, 16
"/mnt/Dev/Code/javascript/front-ends/drawings/react-drawer/.heft/build-cache/lib/components/Svg/index.d.ts", "TypeScript", 0, 0, 0, 1, 0, 0, 0, 0, 0, 1, 0, 2
"/mnt/Dev/Code/javascript/front-ends/drawings/react-drawer/.heft/build-cache/lib/components/Svg/index.js", "JavaScript", 13, 0, 0, 0, 0, 0, 0, 0, 0, 1, 0, 14
"/mnt/Dev/Code/javascript/front-ends/drawings/react-drawer/.heft/build-cache/lib/components/index.d.ts", "TypeScript", 0, 0, 0, 1, 0, 0, 0, 0, 0, 1, 0, 2
"/mnt/Dev/Code/javascript/front-ends/drawings/react-drawer/.heft/build-cache/lib/components/index.js", "JavaScript", 13, 0, 0, 0, 0, 0, 0, 0, 0, 1, 0, 14
"/mnt/Dev/Code/javascript/front-ends/drawings/react-drawer/.heft/build-cache/lib/hooks/index.d.ts", "TypeScript", 0, 0, 0, 0, 0, 0, 0, 0, 0, 1, 0, 1
"/mnt/Dev/Code/javascript/front-ends/drawings/react-drawer/.heft/build-cache/lib/hooks/index.js", "JavaScript", 1, 0, 0, 0, 0, 0, 0, 0, 0, 1, 0, 2
"/mnt/Dev/Code/javascript/front-ends/drawings/react-drawer/.heft/build-cache/lib/index.d.ts", "TypeScript", 0, 0, 0, 1, 0, 0, 0, 0, 0, 1, 0, 2
"/mnt/Dev/Code/javascript/front-ends/drawings/react-drawer/.heft/build-cache/lib/index.js", "JavaScript", 13, 0, 0, 0, 0, 0, 0, 0, 0, 1, 0, 14
"/mnt/Dev/Code/javascript/front-ends/drawings/react-drawer/.heft/build-cache/lib/utils/elements.d.ts", "TypeScript", 0, 0, 0, 3, 0, 0, 0, 0, 0, 1, 0, 4
"/mnt/Dev/Code/javascript/front-ends/drawings/react-drawer/.heft/build-cache/lib/utils/elements.js", "JavaScript", 13, 0, 0, 0, 0, 0, 0, 0, 0, 1, 0, 14
"/mnt/Dev/Code/javascript/front-ends/drawings/react-drawer/.heft/build-cache/lib/utils/index.d.ts", "TypeScript", 0, 0, 0, 1, 0, 0, 0, 0, 0, 1, 0, 2
"/mnt/Dev/Code/javascript/front-ends/drawings/react-drawer/.heft/build-cache/lib/utils/index.js", "JavaScript", 13, 0, 0, 0, 0, 0, 0, 0, 0, 1, 0, 14
"/mnt/Dev/Code/javascript/front-ends/drawings/react-drawer/.heft/build-cache/ts_e4aeb857defb85b670c73706483e307635b03ae6.json", "JSON", 0, 0, 957, 0, 0, 0, 0, 0, 0, 0, 0, 957
"/mnt/Dev/Code/javascript/front-ends/drawings/react-drawer/config/jest.config.json", "JSON", 0, 0, 11, 0, 0, 0, 0, 0, 0, 0, 1, 12
"/mnt/Dev/Code/javascript/front-ends/drawings/react-drawer/lib/components/Debug/DebugDisplay/DebugDisplay.d.ts", "TypeScript", 0, 0, 0, 11, 0, 0, 0, 0, 0, 1, 0, 12
"/mnt/Dev/Code/javascript/front-ends/drawings/react-drawer/lib/components/Debug/DebugDisplay/DebugDisplay.js", "JavaScript", 18, 0, 0, 0, 0, 0, 0, 0, 0, 1, 0, 19
"/mnt/Dev/Code/javascript/front-ends/drawings/react-drawer/lib/components/Debug/DebugDisplay/index.d.ts", "TypeScript", 0, 0, 0, 1, 0, 0, 0, 0, 0, 1, 0, 2
"/mnt/Dev/Code/javascript/front-ends/drawings/react-drawer/lib/components/Debug/DebugDisplay/index.js", "JavaScript", 13, 0, 0, 0, 0, 0, 0, 0, 0, 1, 0, 14
"/mnt/Dev/Code/javascript/front-ends/drawings/react-drawer/lib/components/Debug/DebugDots/DebugDots.d.ts", "TypeScript", 0, 0, 0, 11, 0, 0, 0, 0, 0, 1, 0, 12
"/mnt/Dev/Code/javascript/front-ends/drawings/react-drawer/lib/components/Debug/DebugDots/DebugDots.js", "JavaScript", 31, 0, 0, 0, 0, 0, 0, 0, 0, 1, 0, 32
"/mnt/Dev/Code/javascript/front-ends/drawings/react-drawer/lib/components/Debug/DebugDots/index.d.ts", "TypeScript", 0, 0, 0, 1, 0, 0, 0, 0, 0, 1, 0, 2
"/mnt/Dev/Code/javascript/front-ends/drawings/react-drawer/lib/components/Debug/DebugDots/index.js", "JavaScript", 13, 0, 0, 0, 0, 0, 0, 0, 0, 1, 0, 14
"/mnt/Dev/Code/javascript/front-ends/drawings/react-drawer/lib/components/Debug/DebugPath/DebugPath.d.ts", "TypeScript", 0, 0, 0, 6, 0, 0, 0, 0, 0, 1, 0, 7
"/mnt/Dev/Code/javascript/front-ends/drawings/react-drawer/lib/components/Debug/DebugPath/DebugPath.js", "JavaScript", 15, 0, 0, 0, 0, 0, 0, 0, 0, 3, 0, 18
"/mnt/Dev/Code/javascript/front-ends/drawings/react-drawer/lib/components/Debug/DebugPath/index.d.ts", "TypeScript", 0, 0, 0, 1, 0, 0, 0, 0, 0, 1, 0, 2
"/mnt/Dev/Code/javascript/front-ends/drawings/react-drawer/lib/components/Debug/DebugPath/index.js", "JavaScript", 13, 0, 0, 0, 0, 0, 0, 0, 0, 1, 0, 14
"/mnt/Dev/Code/javascript/front-ends/drawings/react-drawer/lib/components/Debug/DebugTooltip/DebugTooltip.d.ts", "TypeScript", 0, 0, 0, 8, 0, 0, 0, 0, 0, 1, 0, 9
"/mnt/Dev/Code/javascript/front-ends/drawings/react-drawer/lib/components/Debug/DebugTooltip/DebugTooltip.js", "JavaScript", 96, 0, 0, 0, 0, 0, 0, 0, 0, 1, 0, 97
"/mnt/Dev/Code/javascript/front-ends/drawings/react-drawer/lib/components/Debug/DebugTooltip/TooltipDivider/TooltipDivider.d.ts", "TypeScript", 0, 0, 0, 2, 0, 0, 0, 0, 0, 1, 0, 3
"/mnt/Dev/Code/javascript/front-ends/drawings/react-drawer/lib/components/Debug/DebugTooltip/TooltipDivider/TooltipDivider.js", "JavaScript", 15, 0, 0, 0, 0, 0, 0, 0, 0, 1, 0, 16
"/mnt/Dev/Code/javascript/front-ends/drawings/react-drawer/lib/components/Debug/DebugTooltip/TooltipDivider/index.d.ts", "TypeScript", 0, 0, 0, 1, 0, 0, 0, 0, 0, 1, 0, 2
"/mnt/Dev/Code/javascript/front-ends/drawings/react-drawer/lib/components/Debug/DebugTooltip/TooltipDivider/index.js", "JavaScript", 13, 0, 0, 0, 0, 0, 0, 0, 0, 1, 0, 14
"/mnt/Dev/Code/javascript/front-ends/drawings/react-drawer/lib/components/Debug/DebugTooltip/index.d.ts", "TypeScript", 0, 0, 0, 1, 0, 0, 0, 0, 0, 1, 0, 2
"/mnt/Dev/Code/javascript/front-ends/drawings/react-drawer/lib/components/Debug/DebugTooltip/index.js", "JavaScript", 13, 0, 0, 0, 0, 0, 0, 0, 0, 1, 0, 14
"/mnt/Dev/Code/javascript/front-ends/drawings/react-drawer/lib/components/Group/Group.d.ts", "TypeScript", 0, 0, 0, 6, 0, 0, 0, 0, 0, 1, 0, 7
"/mnt/Dev/Code/javascript/front-ends/drawings/react-drawer/lib/components/Group/Group.js", "JavaScript", 18, 0, 0, 0, 0, 0, 0, 0, 0, 1, 0, 19
"/mnt/Dev/Code/javascript/front-ends/drawings/react-drawer/lib/components/Group/index.d.ts", "TypeScript", 0, 0, 0, 1, 0, 0, 0, 0, 0, 1, 0, 2
"/mnt/Dev/Code/javascript/front-ends/drawings/react-drawer/lib/components/Group/index.js", "JavaScript", 13, 0, 0, 0, 0, 0, 0, 0, 0, 1, 0, 14
"/mnt/Dev/Code/javascript/front-ends/drawings/react-drawer/lib/components/Path/Path.d.ts", "TypeScript", 0, 0, 0, 6, 0, 0, 0, 0, 0, 1, 0, 7
"/mnt/Dev/Code/javascript/front-ends/drawings/react-drawer/lib/components/Path/Path.js", "JavaScript", 36, 0, 0, 0, 0, 0, 0, 0, 0, 1, 0, 37
"/mnt/Dev/Code/javascript/front-ends/drawings/react-drawer/lib/components/Path/index.d.ts", "TypeScript", 0, 0, 0, 1, 0, 0, 0, 0, 0, 1, 0, 2
"/mnt/Dev/Code/javascript/front-ends/drawings/react-drawer/lib/components/Path/index.js", "JavaScript", 13, 0, 0, 0, 0, 0, 0, 0, 0, 1, 0, 14
"/mnt/Dev/Code/javascript/front-ends/drawings/react-drawer/lib/components/Preview/Preview.d.ts", "TypeScript", 0, 0, 0, 10, 0, 0, 0, 0, 0, 1, 0, 11
"/mnt/Dev/Code/javascript/front-ends/drawings/react-drawer/lib/components/Preview/Preview.js", "JavaScript", 36, 0, 0, 0, 0, 0, 0, 0, 0, 1, 0, 37
"/mnt/Dev/Code/javascript/front-ends/drawings/react-drawer/lib/components/Preview/index.d.ts", "TypeScript", 0, 0, 0, 1, 0, 0, 0, 0, 0, 1, 0, 2
"/mnt/Dev/Code/javascript/front-ends/drawings/react-drawer/lib/components/Preview/index.js", "JavaScript", 13, 0, 0, 0, 0, 0, 0, 0, 0, 1, 0, 14
"/mnt/Dev/Code/javascript/front-ends/drawings/react-drawer/lib/components/RenderElement/RenderElement.d.ts", "TypeScript", 0, 0, 0, 6, 0, 0, 0, 0, 0, 1, 0, 7
"/mnt/Dev/Code/javascript/front-ends/drawings/react-drawer/lib/components/RenderElement/RenderElement.js", "JavaScript", 36, 0, 0, 0, 0, 0, 0, 0, 0, 1, 0, 37
"/mnt/Dev/Code/javascript/front-ends/drawings/react-drawer/lib/components/RenderElement/index.d.ts", "TypeScript", 0, 0, 0, 1, 0, 0, 0, 0, 0, 1, 0, 2
"/mnt/Dev/Code/javascript/front-ends/drawings/react-drawer/lib/components/RenderElement/index.js", "JavaScript", 13, 0, 0, 0, 0, 0, 0, 0, 0, 1, 0, 14
"/mnt/Dev/Code/javascript/front-ends/drawings/react-drawer/lib/components/Svg/Svg.d.ts", "TypeScript", 0, 0, 0, 10, 0, 0, 0, 0, 0, 1, 0, 11
"/mnt/Dev/Code/javascript/front-ends/drawings/react-drawer/lib/components/Svg/Svg.js", "JavaScript", 78, 0, 0, 0, 0, 0, 0, 0, 0, 3, 0, 81
"/mnt/Dev/Code/javascript/front-ends/drawings/react-drawer/lib/components/Svg/index.d.ts", "TypeScript", 0, 0, 0, 1, 0, 0, 0, 0, 0, 1, 0, 2
"/mnt/Dev/Code/javascript/front-ends/drawings/react-drawer/lib/components/Svg/index.js", "JavaScript", 13, 0, 0, 0, 0, 0, 0, 0, 0, 1, 0, 14
"/mnt/Dev/Code/javascript/front-ends/drawings/react-drawer/lib/components/index.d.ts", "TypeScript", 0, 0, 0, 2, 0, 0, 0, 0, 0, 1, 0, 3
"/mnt/Dev/Code/javascript/front-ends/drawings/react-drawer/lib/components/index.js", "JavaScript", 14, 0, 0, 0, 0, 0, 0, 0, 0, 1, 0, 15
"/mnt/Dev/Code/javascript/front-ends/drawings/react-drawer/lib/hooks/index.d.ts", "TypeScript", 0, 0, 0, 1, 0, 0, 0, 0, 0, 1, 0, 2
"/mnt/Dev/Code/javascript/front-ends/drawings/react-drawer/lib/hooks/index.js", "JavaScript", 13, 0, 0, 0, 0, 0, 0, 0, 0, 1, 0, 14
"/mnt/Dev/Code/javascript/front-ends/drawings/react-drawer/lib/hooks/useEvent.d.ts", "TypeScript", 0, 0, 0, 1, 0, 0, 0, 0, 0, 1, 0, 2
"/mnt/Dev/Code/javascript/front-ends/drawings/react-drawer/lib/hooks/useEvent.js", "JavaScript", 13, 0, 0, 0, 0, 0, 0, 0, 0, 1, 0, 14
"/mnt/Dev/Code/javascript/front-ends/drawings/react-drawer/lib/index.d.ts", "TypeScript", 0, 0, 0, 1, 0, 0, 0, 0, 0, 1, 0, 2
"/mnt/Dev/Code/javascript/front-ends/drawings/react-drawer/lib/index.js", "JavaScript", 13, 0, 0, 0, 0, 0, 0, 0, 0, 1, 0, 14
"/mnt/Dev/Code/javascript/front-ends/drawings/react-drawer/lib/types/index.d.ts", "TypeScript", 0, 0, 0, 1, 0, 0, 0, 0, 0, 1, 0, 2
"/mnt/Dev/Code/javascript/front-ends/drawings/react-drawer/lib/types/index.js", "JavaScript", 13, 0, 0, 0, 0, 0, 0, 0, 0, 1, 0, 14
"/mnt/Dev/Code/javascript/front-ends/drawings/react-drawer/lib/types/segment.d.ts", "TypeScript", 0, 0, 0, 5, 0, 0, 0, 0, 0, 1, 0, 6
"/mnt/Dev/Code/javascript/front-ends/drawings/react-drawer/lib/types/segment.js", "JavaScript", 2, 0, 0, 0, 0, 0, 0, 0, 0, 1, 0, 3
"/mnt/Dev/Code/javascript/front-ends/drawings/react-drawer/lib/utils/elements.d.ts", "TypeScript", 0, 0, 0, 4, 0, 0, 0, 0, 0, 1, 0, 5
"/mnt/Dev/Code/javascript/front-ends/drawings/react-drawer/lib/utils/elements.js", "JavaScript", 26, 0, 0, 0, 0, 0, 0, 0, 0, 1, 0, 27
"/mnt/Dev/Code/javascript/front-ends/drawings/react-drawer/lib/utils/index.d.ts", "TypeScript", 0, 0, 0, 1, 0, 0, 0, 0, 0, 1, 0, 2
"/mnt/Dev/Code/javascript/front-ends/drawings/react-drawer/lib/utils/index.js", "JavaScript", 13, 0, 0, 0, 0, 0, 0, 0, 0, 1, 0, 14
"/mnt/Dev/Code/javascript/front-ends/drawings/react-drawer/lib/utils/stringifiers.d.ts", "TypeScript", 0, 0, 0, 3, 0, 0, 0, 0, 0, 1, 0, 4
"/mnt/Dev/Code/javascript/front-ends/drawings/react-drawer/lib/utils/stringifiers.js", "JavaScript", 92, 0, 0, 0, 0, 0, 0, 0, 0, 5, 0, 97
"/mnt/Dev/Code/javascript/front-ends/drawings/react-drawer/package.json", "JSON", 0, 0, 34, 0, 0, 0, 0, 0, 0, 0, 1, 35
"/mnt/Dev/Code/javascript/front-ends/drawings/react-drawer/pnpm-lock.yaml", "YAML", 0, 0, 0, 0, 0, 0, 0, 0, 5131, 0, 787, 5918
"/mnt/Dev/Code/javascript/front-ends/drawings/react-drawer/src/components/Debug/DebugDisplay/DebugDisplay.tsx", "TypeScript React", 0, 0, 0, 0, 0, 0, 0, 33, 0, 0, 6, 39
"/mnt/Dev/Code/javascript/front-ends/drawings/react-drawer/src/components/Debug/DebugDisplay/index.ts", "TypeScript", 0, 0, 0, 1, 0, 0, 0, 0, 0, 0, 1, 2
"/mnt/Dev/Code/javascript/front-ends/drawings/react-drawer/src/components/Debug/DebugDots/DebugDots.tsx", "TypeScript React", 0, 0, 0, 0, 0, 0, 0, 33, 0, 0, 5, 38
"/mnt/Dev/Code/javascript/front-ends/drawings/react-drawer/src/components/Debug/DebugDots/index.ts", "TypeScript", 0, 0, 0, 1, 0, 0, 0, 0, 0, 0, 1, 2
"/mnt/Dev/Code/javascript/front-ends/drawings/react-drawer/src/components/Debug/DebugPath/DebugPath.tsx", "TypeScript React", 0, 0, 0, 0, 0, 0, 0, 25, 0, 2, 3, 30
"/mnt/Dev/Code/javascript/front-ends/drawings/react-drawer/src/components/Debug/DebugPath/index.ts", "TypeScript", 0, 0, 0, 1, 0, 0, 0, 0, 0, 0, 1, 2
"/mnt/Dev/Code/javascript/front-ends/drawings/react-drawer/src/components/Debug/DebugTooltip/DebugTooltip.tsx", "TypeScript React", 0, 0, 0, 0, 0, 0, 0, 107, 0, 0, 11, 118
"/mnt/Dev/Code/javascript/front-ends/drawings/react-drawer/src/components/Debug/DebugTooltip/TooltipDivider/TooltipDivider.tsx", "TypeScript React", 0, 0, 0, 0, 0, 0, 0, 12, 0, 0, 2, 14
"/mnt/Dev/Code/javascript/front-ends/drawings/react-drawer/src/components/Debug/DebugTooltip/TooltipDivider/index.ts", "TypeScript", 0, 0, 0, 1, 0, 0, 0, 0, 0, 0, 1, 2
"/mnt/Dev/Code/javascript/front-ends/drawings/react-drawer/src/components/Debug/DebugTooltip/index.ts", "TypeScript", 0, 0, 0, 1, 0, 0, 0, 0, 0, 0, 1, 2
"/mnt/Dev/Code/javascript/front-ends/drawings/react-drawer/src/components/Group/Group.tsx", "TypeScript React", 0, 0, 0, 0, 0, 0, 0, 26, 0, 1, 6, 33
"/mnt/Dev/Code/javascript/front-ends/drawings/react-drawer/src/components/Group/index.ts", "TypeScript", 0, 0, 0, 1, 0, 0, 0, 0, 0, 0, 1, 2
"/mnt/Dev/Code/javascript/front-ends/drawings/react-drawer/src/components/Path/Path.tsx", "TypeScript React", 0, 0, 0, 0, 0, 0, 0, 51, 0, 1, 7, 59
"/mnt/Dev/Code/javascript/front-ends/drawings/react-drawer/src/components/Path/index.ts", "TypeScript", 0, 0, 0, 1, 0, 0, 0, 0, 0, 0, 1, 2
"/mnt/Dev/Code/javascript/front-ends/drawings/react-drawer/src/components/Preview/Preview.tsx", "TypeScript React", 0, 0, 0, 0, 0, 0, 0, 36, 0, 0, 7, 43
"/mnt/Dev/Code/javascript/front-ends/drawings/react-drawer/src/components/Preview/index.ts", "TypeScript", 0, 0, 0, 1, 0, 0, 0, 0, 0, 0, 1, 2
"/mnt/Dev/Code/javascript/front-ends/drawings/react-drawer/src/components/RenderElement/RenderElement.tsx", "TypeScript React", 0, 0, 0, 0, 0, 0, 0, 17, 0, 0, 6, 23
"/mnt/Dev/Code/javascript/front-ends/drawings/react-drawer/src/components/RenderElement/index.ts", "TypeScript", 0, 0, 0, 1, 0, 0, 0, 0, 0, 0, 1, 2
"/mnt/Dev/Code/javascript/front-ends/drawings/react-drawer/src/components/Svg/Svg.tsx", "TypeScript React", 0, 0, 0, 0, 0, 0, 0, 86, 0, 2, 19, 107
"/mnt/Dev/Code/javascript/front-ends/drawings/react-drawer/src/components/Svg/index.ts", "TypeScript", 0, 0, 0, 1, 0, 0, 0, 0, 0, 0, 1, 2
"/mnt/Dev/Code/javascript/front-ends/drawings/react-drawer/src/components/index.ts", "TypeScript", 0, 0, 0, 2, 0, 0, 0, 0, 0, 0, 1, 3
"/mnt/Dev/Code/javascript/front-ends/drawings/react-drawer/src/hooks/index.ts", "TypeScript", 0, 0, 0, 1, 0, 0, 0, 0, 0, 0, 1, 2
"/mnt/Dev/Code/javascript/front-ends/drawings/react-drawer/src/hooks/useEvent.ts", "TypeScript", 0, 0, 0, 9, 0, 0, 0, 0, 0, 0, 3, 12
"/mnt/Dev/Code/javascript/front-ends/drawings/react-drawer/src/index.ts", "TypeScript", 0, 0, 0, 1, 0, 0, 0, 0, 0, 0, 1, 2
"/mnt/Dev/Code/javascript/front-ends/drawings/react-drawer/src/utils/elements.ts", "TypeScript", 0, 0, 0, 22, 0, 0, 0, 0, 0, 0, 6, 28
"/mnt/Dev/Code/javascript/front-ends/drawings/react-drawer/src/utils/index.ts", "TypeScript", 0, 0, 0, 1, 0, 0, 0, 0, 0, 0, 1, 2
"/mnt/Dev/Code/javascript/front-ends/drawings/react-drawer/tsconfig.json", "JSON", 0, 0, 29, 0, 0, 0, 0, 0, 0, 0, 4, 33
"/mnt/Dev/Code/javascript/front-ends/drawings/structure.md", "Markdown", 0, 34, 0, 0, 0, 0, 0, 0, 0, 0, 9, 43
"Total", "-", 6207, 62, 41609, 6879, 1, 177, 20, 1096, 30981, 1774, 6244, 95050